"review_id","company","product","review_text","sentiment_label"
"Cyndy","Amazon","Electronics","Disappointed Very disappointed that in order to get to my books, I have to get through ads. Didn't have this on my first Kindle Fire.","somewhat negative"
"Musiciconic","Amazon","Electronics","Alright product for reading online books. There was a lot of proprietary stuff that takes away from the actual usage of the device.","neutral"
"Chomie19","Amazon","Electronics","Great Tablet We had purchased this for our daughter. The parental control/profile features are great for her. Totally recommend!","very positive"
"RCZon","Amazon","Electronics","A great tool to use to read and surf the internet. I love using it to read and surf the internet. It is also very handy.","very negative"
"scratcher36","Amazon","Electronics","GREAT REPLACEMENT NEW LARGER SCREENIS GREAT FOR WATCHING PRIME MOVIES AND READING BOOKS","very positive"
"nikki3284","Amazon","Electronics","Great starter tablet I bought this for my kids, 5 and 9. I wanted to get them a tablet but still restrict what they could do. This tablet has fantastic parental controls. I opted to include the FreeTime membership and that puts them into a kid-specific app center where they just click and play without the visible hassle of downloading, fees, and ads. It's been very sturdy with the 5 year old. Overall I am extremely satisfied for a kids tablet. Not sure I would buy one for me personally, but great for kids.","somewhat positive"
"Cricket","Amazon","Electronics","Great for reading books on I purchased this to upgrade from my old kindle as it wasn't connecting to the Internet quick enough. I am happy with the connection and speed of this product.","somewhat positive"
"Kevin","Amazon","Electronics","Works great I Ive used this for a month now. It works great 75 percent of the time. Alexa doesnt always understand you. The mic doesnt hear you when your 20 feet away.","neutral"
"3137299399","Amazon","Electronics","Kind of slow I like the price point for this tablet but for being a quad core processor, it runs kind of slow.","neutral"
"TJinFlorida","Amazon","Electronics","Hopefully more experience will helpl I'm not sure who needs more experience...Alexa or me. After one month, The Echo has been a little fickle. At times it's providing excellent service in answering questions, and there's other times that it doesn't understand the question. Maybe it's how we're are asking or it's not programmed to be intelligent enough. More time will tell. All in All, we're having fun with Alexa.","somewhat positive"
"Buckaroo","Amazon","Electronics","My Kindle Paperwhite I have enjoyed my Kindle Paperwhite very, very much. It is an excellent eReader for me as my eyesight isn't what it used to be and the backlight really helps is keeping the text readable especially in low light situations. It was a wonderful Christmas present from my dear spouse.","very positive"
"Rakeishan","Amazon","Electronics","I like it I purchased this item for my 7yr old daughter. We like it but we can't get the pictures of the apps to show","neutral"
"Smithseanjohn","Amazon","Electronics","Price is right For the price tag of $59 bucks u can't go wrong....","somewhat positive"
"Wardb1985","Amazon","Electronics","Kindle tablet Bought this for my son for Christmas has been the biggest problem I have ever seen I would never give this to anyone again it's better being a paper weight","neutral"
"Tony","Amazon","Electronics","This is slow I will not recommend this one, do slow and I ended up returning this product","somewhat negative"
"Jax113","Amazon","Electronics","It's alright It freezes up a lot but it's great for reading. Not meant for other apps.","neutral"
"Nascarphillyfan","Amazon","Electronics","Nice Tablet Okay this tablet has its limits. It's not an IPad. But for 50 bucks it does a lot. If you have Amazon Prime it's awesome. If you don't, it's still nice. It's fast and has good battery life. You can side load apps if you can't find them in the Amazon App Store. Overall I'm impressed with the features.","somewhat positive"
"Skorepo","Amazon","Electronics","Gets very loud. The one thing i had an issue with,is I would leave my amazon speaker on playing since it's always listening. But,at times it would just cut off by itself,without my command. Another issue would be if I'm on the phone and what I'm saying may sound close to the command according to the speaker itself, it would automatically light up for me to command it to do something. Don't know if i like the idea of it listening all the time.","somewhat negative"
"Techguy","Amazon","Electronics","Fun device I use this device in my office to stream music and keep up on the news. Overall a good experience so far.","somewhat positive"
"Robert","Amazon","Electronics","Not for me I didnt realize, even though I should have, that I could not add whatever programs I wanted to for it. I wanted to get this so I could play games on the tablet while home, instead of my phone. I was able to install one of the two games I play, but was unable to with the second. I will actually be returning it because that means I have no use for it. My wife has one and hers has been great for her this entire time.","neutral"
"Averageconsumer","Amazon","Electronics","Great except I know it has Bluetooth but I think it should have had a auxiliary port for older speaker's","somewhat positive"
"clown","Amazon","Electronics","mediochre device pretty much you get what you pay for... not bad, but not great, but an inexpensive fix for the cause","neutral"
"Boogie","Amazon","Electronics","Good value tablet Pretty good value tablet. Works like expected and has some good apps. Only downside with memory at 8gigs.","somewhat positive"
"Rogue","Amazon","Electronics","nice product It's small and fairly open platform with wide array of third party services","somewhat positive"
"Pharmhawk09","Amazon","Electronics","Decent tablet for the price For the price the tablet works well. The biggest issue I've had is the battery life length. The battery seems to not last as long as my previous iPad mini.","neutral"
"smartshopper","Amazon","Electronics","good enough for readingand many other things Camera a little lower quality and cpu speed a little slower than fire HD but a good price","somewhat positive"
"Ducky","Amazon","Electronics","Easy to use with voice recognition Easy to setup and use and now with voice search. I recommend it with even 4K content. Best Buy had it on sale as well.","somewhat positive"
"PhoneUser","Amazon","Electronics","FireHD 8 The headphone jack restarts the tablet when you plug the headphone cord into it. That is why I am giving the product only 2 stars. Otherwise, the screen is great.","somewhat negative"
"gr","Amazon","Electronics","Five Stars very happy with this item, protects well, looks good, and was easy to install","very positive"
"MrsNawlins","Amazon","Electronics","Very Unsatisfied When I first saw this product it was a must have for me. I researched this product for weeks and was happy with what I had read. After getting the product home I must say it was OVER RATED!. This product is not user friendly, only 1 user can register, Alexa does not have the answers to much. I returned it after 5 days. Very unsatisfied","somewhat negative"
"love2golf","Amazon","Electronics","Good for getting basic information, playing music Alexa is entertaining for music, questions etc. I was hoping for something more advanced, like being able to reminder for an appointment 15min before the appt. is schedule. You can set a reminder for 15 minutes....but only from the time you ask alexa...good for cooking but not much else","neutral"
"Grams","Amazon","Electronics","Great product. This was a gift bought because I have had one for years and am completely happy with everything about it.","very positive"
"tykiza","Amazon","Electronics","Not sure I had wanted a Fire for about 3 Years but didn't pick one up but this time I did. Wasn't what I thought it would be like.","neutral"
"Grumpy","Amazon","Electronics","Excellent E-reader. I purchased the Kindle Fire as a replacement for my Nook Tablet. My hope was that it would be a reasonable replacement for what I essentially was primarily using as an E-reader. It has surpassed all of my expectations at a much more reasonable cost.","very positive"
"funfam3","Amazon","Electronics","Great for home and travel Guys, the Tap does everything Echo does and it's portable! Use it at home for everything, at work on your desk for music, weather, etc, and even poolside as a portable speaker.","very positive"
"Kjkj","Amazon","Electronics","OK don't like the setup Okay don't like the setup. I like Android way better. Cannot download you tube. It is for my six year old who has lost 3 3ds xls if he can keep this one from damage's for 6 months he gets an up grade.its very small","somewhat negative"
"123456","Amazon","Electronics","Good product but hard to setup for Grandson This looked easy, but hard to setup if no experience with other than Apple products","neutral"
"Sekh","Amazon","Electronics","Decent for price Works great as a reader, OK for apps. Battery lasts ages while reading, but dies quickly if I am gaming.","neutral"
"Edward","Amazon","Electronics","Great choice It makes it the perfect gift,Not too big,Not too small...perfect","very positive"
"Maggo","Amazon","Electronics","Good Device but I did not like it It is good device with respect to Technology and automating house hold electronics.. But Personally I like Google Home more than Amazone Echo.","somewhat negative"
"Slboss","Amazon","Electronics","Disappointed I got this to replace the iPad for a child. I am so disappointed by the charge. It dies so quickly and the charger has to be wrapped around the tablet in order for it to charge. This was after 2 weeks of having the tablet. Low price but not worth the hassle and disappointment!","somewhat negative"
"Shreetanu","Amazon","Electronics","for kids and entry level great tablet for kids but a lot of ads , for someone who wants a cheap tablet that more or less can do all stuff this is a good choice","somewhat positive"
"octubre68","Amazon","Electronics","great tablet for beginner I BOUGHT THIS TABLET FOR MY GRANDSON IN HIS BIRTHDAY, AND HE IS SOOO HAPPY","somewhat positive"
"Anonymous","Amazon","Electronics","Not a big fan of Amazon fire tabs... Not a big fan of Amazon fire tabs...got one as gift from grandparents and it memory on 8GB gets full too quick and no way to expand","somewhat negative"
"DavidVB","Amazon","Electronics","Wonderful and FUN The Amazon Echo is awesome. It is VERY easy to set up. I mostly play pandora music, but it works with Amazon music and Audible.","very positive"
"SCHO","Amazon","Electronics","Not as good as I think.. Amazon Tap.. got it on Black Friday sale.. But so far feel not as easy as I think to use.. But if you just use as Bluetooth speaker and sound is good.. Maybe just have to learn how to use it more..","neutral"
"senela","Amazon","Electronics","Works as expected. I previously owned the previous model. There is very little difference between this and the older model. (Apart from the 4K, which only works with Netflix at this time). I still hate the ugly interface!, I wish Amazon would allow users to use their own skins","somewhat negative"
"Longfellow","Amazon","Electronics","Amazing Paperwhite!!! I bought this new paperwhite after using the regular kindle for a long time. I am amazed by the light weight and the ease of use. The battery makes a huge difference as well. Love it!!!!","very positive"
"TheDoctor1701","Amazon","Electronics","Works great The product is easy to use and loads everything quickly. The voice command works great and the 4k picture looks fantastic","very positive"
"Anonymous","Amazon","Electronics","no good I bought this tablet because of the price and the specs seemed fine but it is slow it freezes and crashes I dont think it was a good buy","very negative"
"Frig","Amazon","Electronics","Perfect Perfect addition to our kitchen and can't have picked a better product for our home!","very positive"
"Vidapita","Amazon","Electronics","Second one for the Office We have one at home to we thought it would be fun to have at the office to place music. However you can only stream 1 Alexa per music account which is annoying. They should have a subscription package like Netflix that allows more then one device to stream for a higher cost per month if needed.","somewhat positive"
"Miki","Amazon","Electronics","fun Just ask or command the machine does it...getting really lazy now LOL","neutral"
"rhines4","Amazon","Electronics","AWSOME!!! Must have!!! Movies, sports, and much more at the click of a button (you must have wifi to use)","very positive"
"Aliray","Amazon","Electronics","Horrible Bought this for my daughter(3) and she can't even use it because it is NOT kid friendly. It is so incredibly slow!! It freezes often and does not seem to work without wifi like it is supposed to. Also was supposed to come with a year free of Amazon free time and we have been charged for it every month !( it requires you to put a card number in before initial use. ) Keep calling Amazon and the foreign people can't seem to figure out the problem. Don't buy!","very negative"
"ace1647","Amazon","Electronics","Happy Buy Its exactly what I am wanted and the price was fair","somewhat positive"
"Bill","Amazon","Electronics","Great streaming device with 4K I had an Apple TV but replaced it with this Fire tv on my main tv because it offered the same features but added 4K which a comparable Apple tv did not. It works flawlessly and I couldn't be happier.","very positive"
"caroleeann","Amazon","Electronics","i do not like the fire I do not like the layout. I want to remove stuff from the screen and can't . I don't like some of the lock out features like playing songs for the kids. i do not like all the advertisements. I don't like the screen doesn't go dark when i want it to such as when music is playing. I liked the samsung","very negative"
"GrandmaAnnette","Amazon","Electronics","Great tablet for 3 year old! My granddaughter had been using her parents' iPad and loves using apps for learning. I thought it would be nice for her to have her own tablet. My daughter loves the parental limits that can be set and my granddaughter loves not having to share with her parents!","very positive"
"TheBrowns","Amazon","Electronics","The best for reading e-books One of my major issues with e-book ls is using screens and the annoying glare. While the paper white still isn't a printed page it does a good job of getting close. With the backlight optional it retains the benefit of being able to read at night too. I love my iPad but prefer the Kindle Paperwhite for all my e-books.","very positive"
"CheChe","Amazon","Electronics","Love my new Kindle Paperwhite! I've sat on my back deck and in the bright sunshine on a beach and had no issues seeing the print. Never thought I'd like an e-reader, only a real paperback book. But, I must say, I am sold. Very lightweight.","very positive"
"metacuate","Amazon","Electronics","good, but missing key feature I understood it did not have the wake command. But it would be better if it had it.Other than that, everything is wonderful with this speaker! Really convenient to be able to listen to my podcasts without messing with my phone or apps, just ask Alexa and she plays the most recent episode!","somewhat positive"
"2ndSonoftheSun","Amazon","Electronics","Great product It's been very helpful around the house and I now plan on buying dots to place in certain sections of my house.","very positive"
"Len Burroughs","Amazon","Electronics","Two Stars very overpriced!","somewhat negative"
"MAM17","Amazon","Electronics","Fun (when it worked) We returned this item after 2 weeks. It took a lot of repeated request to get it to listen to us and it just wasn't as easy to use as I thought it would be.","somewhat negative"
"Ed70joe","Amazon","Electronics","Great This is a great amazon fire tablet for kids highly recommend","somewhat positive"
"Angie85","Amazon","Electronics","Not really a good tablet! It started cutting off and on by itself!!! Its like it had a mind of its own!!!","very negative"
"silverbulletss","Amazon","Electronics","Good tablet for kids Good tablet for younger kids as it keeps them occupied in many ways.and great learning tool.","somewhat positive"
"Scooper","Amazon","Electronics","Subscribe or Nothing Works This device plays on the fact that you must subscribe to their stuff or this is just a empty cylinder that tells you the weather and that's it. And even then there is a subscription required for everything. Google Home at least plays general music lists and a number of other key actions.","very negative"
"rledogar","Amazon","Electronics","Disappointed Asked a Bestbuy employee if I could connect to my library. He told me yes so I bought the Kindle. When I got it home, found out that downloading books from my library was not an option, so I returned Kindle.","very negative"
"DMcKay","Amazon","Electronics","Dissatisfied I have been a kindle user for years and I expect a certain level of quality. This version falls short. Constantly freezes.","somewhat negative"
"NTKramer","Amazon","Electronics","Love it I use this hours a day. Whether it is for listening to spotify or turning on a wemo-device, the battery life, sound quality, and voice recognition is great.","very positive"
"Diamond Girl","Amazon","Electronics","Not an Impressive Case One person found this helpful. Was this review helpful to you Yes No Not the best case Amazon has ever put out! I have a number of other Amazon brand Kindle and Kindle Fire cases for my various Kindle devices and this is the least effective of the bunch. It doesn't stand in any position, so I can't use my 6 hands free. It also doesn't line up properly when closed, so the Fire seems to come out of sleep mode, thus draining the battery more quickly. And finally, I have discovered that I do prefer the leather covers over whatever material this is made from. I understand that the cost of a leather case would probably be half the cost of the Kindle Fire HD 6...not that this case was any bargain at 30!!","somewhat negative"
"JohnnyY","Amazon","Electronics","GreatPortableAndLight:BUT,LackingKnownSoftware I was unaware that it did not Have the Google Play Store or any formidable Stores to choose from! Amazon has to many App Stores it would seem. I get turned Around sorta Speak.... Due to the fact that i am unfamiliar with your Services. I am Learning Day to Day, I just Like to hit the Ground Running! But thank you for your time and Sharing these devices and making them readily Available to the General Public! Thank You, Johnny Young","somewhat negative"
"Sheri","Amazon","Electronics","Great price My 8 year old loves this so much to do on it. She enjoys reading on it play games .","somewhat positive"
"Beachboy34","Amazon","Electronics","Some Neat Features Gift for mom. didn't know if she would use it. Seems to be useful and makes it easy for her to listen to music. Also helps with weather, jokes tend to be corny. Hasn't used it to order anything. Got one for other family members and they seem to use it too.","somewhat positive"
"Carlos","Amazon","Electronics","It nice We bought the tablet for our kid and it actually is good for her.","somewhat positive"
"Jeepster","Amazon","Electronics","Good Bluetooth speaker Has a very good Bluetooth speakers sound quality is good but otherwise she's pretty useless when it comes to get answering questions","very negative"
"cmo1275","Amazon","Electronics","Alexa works great it not only is s speaker but also integrates many of the other applications that make your home easier and convenient. so far i have had this echo for aver a month and i am very satisfied with the product.","somewhat positive"
"Jamied84","Amazon","Electronics","Great for listening to my podcasts I would definitely recommend. It's great for every day use.","somewhat positive"
"Keisha","Amazon","Electronics","Tablet The product was in good condition and my child enjoyed it","very positive"
"JimHoam","Amazon","Electronics","Good for kids The processor was so slow. It took about five minutes to load a five minute YouTube video with 50 Mb/min. Internet.","somewhat negative"
"Fred","Amazon","Electronics","Hard to understand communication problems I don't recommended if you are using Apple products","somewhat negative"
"Drdrea05","Amazon","Electronics","Kids love Easy to use. Easy to download games. Kids love the color options.great for school work.","very positive"
"Proffessor","Amazon","Electronics","Decent if you have money to burn It's a fun little toy but lacks practicality. In order to make it user friendly, I recommend a battery for it. You will also need Amazon prime in order for the music to play worth a darn. Otherwise you will be stuck searching through your phone for your song.","neutral"
"mspittman","Amazon","Electronics","Small and sleek Easy to use. Great size. Great price. Easy to navigate.","somewhat positive"
"GIGI","Amazon","Electronics","Bought as gift I bought this as a gift for my son and his wife. I rhougjt with having a young baby at home and their hands always full it would come in handy. They liked the idea but after doing their own review search, decided it wasn't for them.","neutral"
"Jenn","Amazon","Electronics","Watching videos, great..then.. My Hulu plays perfectly..great volume. Kindle starts right up so I'm able to read fine. However, when I'm on Facebook and click on an article to read, it goes to the page, and within 30 seconds, the page closes. Sometimes Facebook app won't even load. I find it blanking in and out and not showing some icons at times. I haven't dropped it so I'm assuming this is an internal problem :( I have tried playing a couple games and it will say that I need the Amazon app where I go to purchase stuff, which I already have...then it closes out saying ERROR. I wish I could replace for a new one.","somewhat negative"
"Roni","Amazon","Electronics","It's OK...it's no android I thought I would get the fire as a back up tab for my grand daughters. Well, in my opinion it's a little more confusing to navigate around than just a plain android tablet. So if, like me you are an android lurana566, this is a bit different to operate.","neutral"
"MichelleV","Amazon","Electronics","Really great basic tablet i bought this tablet because I didn't want to spend over a 100$ on a tablet that would not get much use. I use it mostly to read books and articles online. It has a brightness reducing function which is really great.","very positive"
"AriKK40","Amazon","Electronics","Kindle Fire I was looking for a Kindle Fire because I have had other android tablets in the past and most times the Kindle app makes them crash or takes up too much space on the tablet. I like it for reading but it isn't as great for other things and you are not allowed to have the Google Play store on it because that competes with the Amazon app store. However, not all apps are available on the Amazon app store so this was an immediate drawback for me. I will keep this and use it but in the future I will not buy Kindle tablets again.","neutral"
"JCGraterol","Amazon","Electronics","To the trash Didn't work more that 4 months. Don't waste your money.","very negative"
"yuni","Amazon","Electronics","Good This tablet is easy to use but if you need to use play store, so I don't recommended because it doesn't have","somewhat negative"
"Jeremy","Amazon","Electronics","great tablet got this for my mom and she loves it. easy to work","very positive"
"Jenn","Amazon","Electronics","Okay tablet for the price Works okay for what we paid. Not super speedy, quality is a little grainy as well","neutral"
"DUNKERDOGNUTS","Amazon","Electronics","Amazonian Kindle for $35 Killer deal I couldn't pass this one up for the money. Buy them for your kids so they can stay occupied for hours and get fat.","somewhat positive"
"Billsmafia716","Amazon","Electronics","Serviceable Works well enough but is outstanding for the price, just be wary of the operating system you could poetically download an android emulator that would make this a 4/5 instantly","neutral"
"Cosmokramer","Amazon","Electronics","I enoy talking to Alexa The music and weather reports are terrific in addition to everything else.","very positive"
"Connie","Amazon","Electronics","Disappointed Loved my husbands 4th generation disappointed in my 5th generation. 4th generation has 2 speakers and sound is much louder than the current 5th generation. I purchased this expecting the same quality in sound, or better, since I use the kindle to watch my TV shows.","somewhat negative"
"MaizeNBlue","Amazon","Electronics","Tablet for the kiddo Wanted something with a kids mode on it so we could limit time and content. This works. Saw it for a really low price so couldn't resist otherwise we would have gotten the padded kids version.","somewhat positive"
"Curtis","Amazon","Electronics","Great for kids If you are buying it is a great price. To buy for you kids . They should come with a case for same price.","neutral"
"Photoflame82","Amazon","Electronics","Not what we should have bought We got this for our son. He is always wanting to play on Mom's tablet so we thought this would be a good choice. His aunt does a lot of tech shopping and bought this same one for his sister so we got the same one. Within a month the charging cord on both units quit working and shortly after that the ports became squirly so you have to hold them just right or they don't charge. Save your money and get a more expensive but better quality product.","very negative"
"Baslaw","Amazon","Electronics","Amazon Tablet Nice tablet for children - Works well as a gift for the price","somewhat negative"
"howbob","Amazon","Electronics","Great for reading in bed at night! The night reading light works great. I don't keep my husband up with a lamp on. It is so easy to order books on line and it gives me new authors that I wouldn't have known about.","somewhat positive"
"digger357","Amazon","Electronics","Ok for the money but wouldnt do it over. Slow with limited application. Battery doesn't last long and the download speed is less than expected.","somewhat negative"
"Roytoy","Amazon","Electronics","Easy to use! I love the ease of set up and how simple it is to use to get to or find what I need!","very positive"
"RockStar10","Amazon","Electronics","Great tablet for Kids My son loves this tablet. I would recommend for kids under teenage age. Great display, not much storage but can add SD card.","somewhat positive"
"Moodyj69","Amazon","Electronics","Whole family loves it! Easy to setup through the Alexa app. My wife uses to play music for her daycare children and my 8yr old daughter uses it none stop. Fun to ask silly questions to.","very positive"
"QDizzle","Amazon","Electronics","Not bad for the price Bought two of these tablets for my stepson and mother-in-law for Christmas. Not bad items for the price. Basic tablets,basic features, nothing special about them. They use them for connecting to the internet, playing games and watching movies. This tablet does this well on wi-fi. I expect them to perform well for the next couple of months.","neutral"
"Alfandfara","Amazon","Electronics","Alexa Alexa works pretty good if your Internet provides enough service for you.","somewhat positive"
"Buyer","Amazon","Electronics","No more cable! This box will replace cable, food and water. If it didn’t need power, I’d live for free!","very positive"
"Hope","Amazon","Electronics","Good purchase Bought this for my 3 year old and it is great. Wish it had a bit more storage but overall very happy with my purchase.","somewhat positive"
"Marlenaasmith","Amazon","Electronics","Great tablet for the price The first kindle I purchased only worked for a week. Thankfully, Best Buy did a full return. This one works like a charm! My kids love it!","somewhat positive"
"Gabby","Amazon","Electronics","Best pound for pound tablet This tablet serves its purpose as my primary reader and mini computer on the go. Size is good, picture is clear, and the volume isn't bad for media either. Thumbs up","very positive"
"TJMilw","Amazon","Electronics","Great tablet for kids! We love the FreeTime settings for kids on the newer Kindle Fires. I was able to create a login for each of our kids as well as myself and set limits to the amount of device time they are allowed daily (can set to more for weekends if desired). You can set the age restrictions for content also, to avoid inappropriate ads, etc. Once you've downloaded apps, you can choose which ones you want each child to have access to in their profile settings, so if one child is older you can allow them access to something their younger siblings shouldn't have. Basically, I like that I can set their access rights and know they're safe so I don't have to continually monitor every moment. By the way, FreeTime kids settings are available without having to subscribe to their FreeTime app access plan. :)","very positive"
"Lacey","Amazon","Electronics","Lacey Good tablet for the money. Would purchase again. Very fast","somewhat positive"
"Josh","Amazon","Electronics","Its not recognizing lot of sentences.Lot toimprove Product was damaged. Needs lot of improvement on the API's.","very negative"
"Dv15","Amazon","Electronics","Small compact easy to carry The Version with the light is the way to go. A case is a must the screen can easily be scratched. over works as intended","neutral"
"DRock","Amazon","Electronics","Great gift for kids. My kids loved it. They use it daily. I would recommend to any parent.","somewhat positive"
"PAMMAP","Amazon","Electronics","NOT AS GREAT AS I THOUGHT IT WOULD BE It has what i wanted click to turn page and that is the only reason i paid that price for it. there is nothing special about it. i thhought that the battery would last longer and as an avid reader it doesn't last long enough.","neutral"
"JohnnyNC","Amazon","Electronics","Works great, just small This tablet does what it supposed to do, however, if you have one of the newer smart phones with a large screen there just isn't enough difference in the screen size to justify a second piece of equipment.","neutral"
"Lucifinn52","Amazon","Electronics","Kindle paperwhite is great I already had a kindle paperwhite but wanted to upgrade a bit","very positive"
"Anil","Amazon","Electronics","If u r seriously a book lover Don't buy this if u don't read books also very rarely read the book","somewhat negative"
"frank","Amazon","Electronics","Could not get it to work. Had to return it Had all kinds of problems in registering it and getting it to work Had Customer service from Best Buy, Amazon and my internet provider trying to help, but to no avail.","somewhat negative"
"AlonzoSelvin","Amazon","Electronics","Good It gets the job done...................Great to buy......","neutral"
"averagejoe","Amazon","Electronics","Good value For the price you have to deal with a lot of pre-loaded stuff, but it is a great price for a capable tablet.","somewhat positive"
"Unhappy","Amazon","Electronics","Unable to use it I bought the kindle fire 8 for my husband and I to use. Neither one of us have been able to figure out how to use it. Every time we open it advertisements pop up. And we just try buttons to remove it. We cannot get it to rotate for our puzzles. Just too complicated to use and to navigate around. I will be returning it. We have an iPad and it's much easier.","very negative"
"BL17","Amazon","Electronics","Must have wi fi I don't have wi fi. so I can't use the device. I'm returning it. I wanted something that my father could use as an e reader. I thought I would be able to download books via my computer using the usb cable. You can't do this unless you are registered. You cannot register unless you have wi fi. Amazon needs to fix this. This is a major flaw.","very negative"
"ColleenNH","Amazon","Electronics","Extremely slow This device is OK for reading or listening to audiobooks via Overdrive app. Wouldn't recommend it though really. Waited to buy Kindle for years. Would suggest doing research before buying this device.","very negative"
"Atticus","Amazon","Electronics","Only good for your pocket. Just got this as a Christmas gift and it doesn't stand.. Nothing to secure it to make it stand.. You can get it to stand maybe to watch a video, but don't touch it. It will fall down easily. Certainly don't stand it and actually use your Fire HD6 with this cover.. You can't.. Falls right over. I feel really badly for the special person that bought me this. Waste of money. I had already bought my own cover, for a lot cheaper, that has more shock protection and that one won't stand on end, but at sits securely at a tilt which makes it more useful for me. The cheaper one I bought on Amazon also has a magnetic closer to the cover stays closed. This one does not. Not sure how to tell the person who bought me this that I don't like this one at all. I'll feel bad telling them, and they'll feel bad hearing it. Bad all around.","very negative"
"Jayman59","Amazon","Electronics","Unnecessary Gadget Purchase the echo with my Vivint system because sales person pushed the product stating it would enhance the Vivint capabilities. Not really so...it's a nice gadget for music and putting together shopping lists and to-do lists, but not really something we needed. In addition, not enough apps that work with it.","somewhat negative"
"TJhigh","Amazon","Electronics","You get what you pay for. I had originally decided to get a kindle instead of an iPad due to the cost. It's a great screen and has good sound, but the battery is pure junk! I should have went with an iPad.","somewhat negative"
"Nomi","Amazon","Electronics","Defective Product I eventually had to return it because of the shades of yellow in the back-light when using it at night. It was okay at day time but at night during which I usually read it was not what i expected to be premium cost product. Especially it was very annoying to read in the landscape mode. I guess Amazon needs a better QA department.","very negative"
"Glamrockgirl","Amazon","Electronics","Love my Alexa echo It's awesome.. makes lole sp much easier. Hands free music. And my kid loves it!","very positive"
"Sammi","Amazon","Electronics","Worst device Amazon has produced. Over the past few years, I have purchased Kindle Fires for various family members. The workmanship for those Kindles in abysmal. Two weeks ago, my Kindle Fire HDX shorted itself out. I replaced it with Amazon Fire 10.1. This device does NOT hold a charge for more than three and a half hours. You read that correctly!. I have been using it on a daily basis, each time it needs to be charged, it does a repeat performance. There is absolutely NO way that I will ever purchase any device manufactured by Amazon, ever again. I tell it like it is, if you want terrible device performance, opt for the Amazon product. If you need a reliable device, look at other manufacturers for the options you need.","very negative"
"4Musiq","Amazon","Electronics","Great, if you don't want to try to add apps I bought this to use with a particular app but wasn't able to install them so I returned the tablets.","very negative"
"Debbie","Amazon","Electronics","Kids loved it A few problems with games loading but over all good","neutral"
"NCDeerHunter","Amazon","Electronics","Not what I expected I was expecting an Android device and discovered it was an Android like device. My fault for not reading up on his device before hand. I returned the Amazon Fire and bought a Samsung Tab E.I probably would recommend this tablet if you wanted a device for reading.","neutral"
"Tonya","Amazon","Electronics","I prefer AppleTV We had two AppleTVs - one in the master bedroom and one in the living room. We could not watch both simultaneously because the signal permeated the shared wall and changed the channel of the other TV. We got the AmazonTV to remedy this. While it did rectify this problem, we find we prefer the ease and simplicity of the AppleTV over the AmazonTV. The Amazon is cumbersome and difficult to navigate.","somewhat negative"
"Harleyestar","Amazon","Electronics","ok device it does a lot LESS than you would expect. the advertisements is about all it does. no need to spend this large amount of money to listen to music you have on your phone. any info you get on the echo you get on your phone.","neutral"
"Davo","Amazon","Electronics","Didn't work Right out of the box it didn't work. We took it back and the Geek Squad couldn't get it to work either. Great disappointment for my 9 year old boy since it was a Christmas gift.","very negative"
"nancy mullen","Amazon","Electronics","It's like selling an appliance without all the I don't know why this wouldn't be included with the kindle. It's like selling an appliance without all the parts","very negative"
"Ashrag","Amazon","Electronics","Wonderful value for the money Nice product, great price and expandable storage unlike the HD version","somewhat positive"
"Paul","Amazon","Electronics","Three weeks and doesn't work! Just bought my Kindle Fire and although the Amazon and Fire come up otherwise the product is dead!!!!!!! I have tried the help section but no help. Taking it back to the store. If it would work I would love it.","somewhat negative"
"Redz","Amazon","Electronics","still only okay navigation needs more work, no pointer feature sucks, definitely NOT a point-and-click systemes explore for web browsing is antiquated and needs replacedvoice alexa feature does NOT work inside apps to control the app, so careful what you say or needless purchases are madeno disable option for voice featurestill one of the cheapest ways to run kodi program direct to telly in HDMI tho.one can still load app for plex server for NAS playback via streaming, though it is extremely difficult to navigate the plex download page in es explore.its faster than old version, has Bluetooth 4.1 instead of 3.1, has a quad-core instead of dual-core processor, and doesn't seem to get hot after hours of play like old version did.But, If Amazon ever blocked third party apps like kodi and plex I would never buy an amazon product again tho.Not an amazon prime member and never will be, why pay for programming that I can get for free.","neutral"
"RockChalkBach","Amazon","Electronics","You better read a ton Let me set the stage for this review: I joined a book club this year and have started reading a lot... or at least what I would consider to be a lot, which is about 2 decently-long books a month.Up until buying the Paperwhite, I was doing most of my reading on my iPhone using the Kindle app. Long story short, I ended up returning the Paperwhite after about 2 weeks. Why? Because I realized just how sporadic my reading was. I read when I'm out and about, waiting at a doctor's office, or in-line at a restaurant, etc. It became overwhelmingly apparent to me that the best E-Reader is the one you have with you at all times. For me, that's my iPhone.The actual reading experience is definitely better on the Paperwhite. However, if you're an on-the-go reader like me, then it just means you have to carry around another device. Dedicated E-Readers are for people who either truly read a ton, or have a set routine for reading. If that's not you, then stick with your phone.","neutral"
"kkai","Amazon","Electronics","Reading device I bought it cause I wanted to read more. That didn't happen, I tried and I just can't read on devices I need old school paper between my hands","neutral"
"SeanOmilwaukee","Amazon","Electronics","bought to stream kodi Have not used for standard fire tv features. Bought to run kodi, which it works fine for. Freezes occasionally needing hard reboot. Worth the extra $ over doing kodi on streaming stick which lacks memory / cpu.","neutral"
"Raza","Amazon","Electronics","Waste of money Need Amazon account and bank account to use tablet. Bank card should be verified. Cheap product with terrible graphic. I returned that next day. Totally waste of money.","very negative"
"Scorpio65","Amazon","Electronics","Very practical It kind of small yes, but very practical if you do not want to buy I pad mini","somewhat positive"
"Broncossb50","Amazon","Electronics","Eh Don't like all the ads. Didn't know that they would be permanent because I bought it on sale. It's very slow and has trouble connecting to my wifi.","somewhat negative"
"bijju","Amazon","Electronics","Decent tablet This tablet from Amazon is decent. The performance of the tablet is de end too.","neutral"
"Hector","Amazon","Electronics","Stopped Working I bought this Fire TV 3 months ago. One day, out of the blue, it stopped working. Power is on but as soon after I see the Amazon logo the screen goes black. I google the problem and it seems that the only way to reset it to the factory mode is by the on screen menu so there is no way for me to do it. I just emailed the company and waiting for a response since it is unacceptable that this thing only lasted 3 months before it became useless. Not a happy camper here!!!","very negative"
"Manny","Amazon","Electronics","Excellent Tablet This is a grate product and the price very fare just so happy with my Kindle!","very positive"
"Mrpatoloco","Amazon","Electronics","Great for kids Has tons of free games for the kids not so good for the average tablet user as its not that powerful but I guess that's only my opinion","somewhat negative"
"Targetdog","Amazon","Electronics","Gift for our college daughter Our daughter loves the size and portability of the product. Her iPad died and she uses her Mac book for school so this was a great choice for her to read books on.","very negative"
"JpB2","Amazon","Electronics","Limited reception I returned this product after deciding to standardize on one streaming technology. I chose Roku because of reputation, the Best Buy salesperson's recommendation, and the included headphones with Roku.","somewhat negative"
"razorback","Amazon","Electronics","Good for kids This product is what you pay for. Got it on black Friday at less than 40 dollars. It uses are basic and good for my kids. If you need a babysitter, it comes into play for an hour. Battery life is pretty good","neutral"
"Catmo","Amazon","Electronics","Very comfortable The Kindle Paperwhite is lightweight and easy on the eyes. It's the first device to allow me to read with as much comfort as an actual book.","very positive"
"Grammie","Amazon","Electronics","kids' kindle fire Seemed to be fine as Chtistmas gift for granddaughter. However, today she reported that it wouldn't turn on or charge today. Supposed to have two year unconditional guarantee. Don't know where to take it.","somewhat negative"
"bambi183","Amazon","Electronics","1.5 hours It was on a total of an hour and a half when the screen went completely dark. Would not turn on after that. The battery was fine....It just quit working all together.","very negative"
"Lionking","Amazon","Electronics","Great for reading Purchased this for reading and the price. Good value for money.","somewhat positive"
"Sam4","Amazon","Electronics","Good Idea but far from practical use. I think Ok Google can do the same or more. I found annoying by saying Amazon or other echo names repeatedly to get some answers if you get them. May be in future I may try when it is more practical","somewhat negative"
"apls","Amazon","Electronics","Good for kids for movies Good for watching movies offline but not so good at internet. I also have problems with it deciding I don't have the SD card in and have to take it out and put it back in. Very frustrating!!! The first one I had didn't know the SD card was there after shutting it off. They were great about sending me a new one but now I have to call them back and tell them what is going on now. I prefer to use my old Android tablet. It also won't let me remove the password or I have to take off the free time. I have to call them and see what I can do about that. It is for her and not really for me anyway. Why do I have to have a password for everything? Not too impressed but a really good buy. The ads, when you turn it on, don't bother me at all and was worth saving the $20.","neutral"
"Lori","Amazon","Electronics","Good tablet It's a great tablet for a destructive 10 year old. It's still going strong for 2 months now","somewhat positive"
"Jennifer79","Amazon","Electronics","Disappointed I have never had so many issues with a kindle and I have purchased alot. It's slow. It shuts off whenever it wants, the sd card dosent read half the time. And when it does it seems to be downloading it. And it deleted apps off my other kids kindle or adds when I do ... very very stupid . It has cracked . And I have never dropped it . It isn't made well. I am going to return it and I will probably never buy another kindle . HORRIBLE","very negative"
"bill","Amazon","Electronics","It works ok. I had trouble with the device interfering with my internet connection. It would cause my wifi to disconnect. I could not toggle between the device and other devices. After I figured it out it works fine","neutral"
"Jasot217","Amazon","Electronics","Great for my 5 year old This is a great tablet for my 5 year old boy. It was inexpensive at $35 on black Friday. I particuly prefer it because, with my Amazon prime account, I can download videos to it. Amazon only let's Amazon products download videos. It was great when we traveled at Christmas. No more dvds and player needed!","very positive"
"Edmt","Amazon","Electronics","Excellent product Fun product, does what we ask. Alexa is worth the investment","somewhat positive"
"JeffM","Amazon","Electronics","Great device A friend gave me a Dot, which I enjoyed. I decided to explore the other devices. I was torn between the Echo and the Tap. After reading a CNET review, I chose the Tap because it is portable. My two frustrations are you cannot change the wake up word Alexis, and you have to be exact in your language when requesting a service. If you are Amazon prime or Audible book member, it is a great addition to you household.","somewhat positive"
"Maggie","Amazon","Electronics","Great value Kindle paperwhite is a great asset for all kinds of readers at an affordable price! Lightweight and easy to throw in your purse, backpack, etc. no glare in the sun","very positive"
"patricia richter","Amazon","Electronics","One Star feel it should have come with paperwhite kindle and that I should not have had to buy it","very negative"
"Amanda","Amazon","Electronics","Great Tablet, but it takes over 3 hours to charge When this item is charged it works great, but it takes too long to charge. Asking my 3 year old to wait about 3 hours (no exaggerating) is a bit much. We have tried to buy a new charger and it still takes just as long. My niece has this same tablet and it take about 45 minutes to charge once it is fully dead","somewhat negative"
"Paul","Amazon","Electronics","Great tablet for a small child Purchased this tablet for my two year old son. It is easy for him to use and has been surprisingly durable. Would recommend the replacement plan if purchasing for a child.","somewhat positive"
"XSNitro","Amazon","Electronics","Compact, but capable Priced for the modest budget, but is totally capable of performance to satisfy the basic needs of entry level tablet users.","neutral"
"Lupe","Amazon","Electronics","Poor The kindle fire I purchased does not work. It does not start or charge.","very negative"
"AllOut","Amazon","Electronics","Drama Queen I own a high end system with AppleTV 3 and Chromcast media players for Netflix and the likes. I purchased fire tv for 4K. As with other devices I thought I could configure it and forget it. This is not the case with Fire TV. Remote control requires constant attention. Open the back play with batteries, but battery cover back on. Constantly! HDMI port does not work with HDMI switch. It is the only device that I own that does not play well with my switch. Internet connection is poor. Start receiving video won't load errors after a week. I thought perhaps WiFi connection was bad even though no other device had this issue, so I tried wired connection and got same error. Tried restarting it more than any device should need but this did not help. Device is very hot. It is on constantly. No automatic method of turning off when not being used.On the plus side, the interface is the best I seen on any media player. Beautiful picture and screen saver which can be configured. Alexia rocks but limited to basic commands. Amazon Prime integration is excellent as you might expect. Beautiful looking device. After about 10 days I got fed up and returned it. I'll wait for AppleTV to integrate 4K. Hopefully that will be soon.","somewhat negative"
"southernhoosier44","Amazon","Electronics","Be aware these require a credit card I purchased 2 of these as Christmas gifts for our niece and nephew. We decided to unbox them and charge them up to be ready for Christmas day. After opening them, discovered they will not allow you to install any free apps or use them for much unless registered with an Amazon account and credit or gift card. I had absolutely no interest in giving a 4 and 7 year old access to one click shopping on my account so we returned these for android type kids tablets. There may be some way around this restriction, but I didn't find it.","very negative"
"Robert","Amazon","Electronics","Awesome voice activated speaker I love Alexa so much, it makes my life easier. Perfect device if you're planning to automate your house. The price is reasonable and affordable to every class.","somewhat positive"
"jrptm","Amazon","Electronics","works great Hoping to replace cable TV in the near future. Works great.","very positive"
"Confetta","Amazon","Electronics","Not so good! I had to return this product as it was not compatible with things such as Facebook and Itunes... which is what I needed it for. Great if you are into books and streaming movies!","very negative"
"GrammaKay","Amazon","Electronics","Nice phone system I love my new Panasonic phone system. It has 2 handsets which is a good idea for those living with family! I also like the ease of operating the answering machine as well. Thank you Best Buy!","somewhat positive"
"Mike","Amazon","Electronics","Good item Smooth operating system. It's no IPAD but good enough for the money. Purchased for the kids to eliminate abuse to our higher priced items. Would have no problems buying the item again at this point.","somewhat positive"
"Brownee","Amazon","Electronics","The star Three star due to the fact that sometimes the fire tv remote doesn't work. I will then use my smart tv remote. Other than that issue, I would give five star.","neutral"
"Ivonne1973","Amazon","Electronics","amazon fire 7 Can't beat the price, it looks and feels nicer than my samsung tablet. I bought this as a gift, but I am thinking about getting one for myself.","somewhat positive"
"BarefootBlonde","Amazon","Electronics","Slow Got this because it was on sale and I had a gift card. It is extremely slow using the internet. Hoping to be using it was an e-reader.","somewhat negative"
"KansasBorn","Amazon","Electronics","Really great tablet for the price This tablet works as well or better than my iPad. It is quicker and simpler to use with better speed and reaction.","very positive"
"Carol Wareing","Amazon","Electronics","Should have been FREE with costly Paperwhite Kindle 20 for a USB charger is outrageous! It should have bee free with the Paperwhite Kindle.","neutral"
"jerbear","Amazon","Electronics","product works real well. We bought this earlier on line from another vendor and it was never delivered. Best Buy was great.","very negative"
"Beee","Amazon","Electronics","Overall decent tablet Works great with everything thing I use. Battery lasts long but gets hot with games.","somewhat positive"
"kerry123","Amazon","Electronics","great use for $50 my four year old has trashed this one again. it really is great but I need to find ways to make it so the glass doesn't break. the computer itself is wonderful cracked like crazy and I cant cut my fingers.","somewhat positive"
"Hammerhead","Amazon","Electronics","Perfect gift My mom had been wanting one for a while, so this was great.","very positive"
"1244","Amazon","Electronics","works Crazy that you have to buy these separate for some kindle products that should come with one","somewhat negative"
"Schiff","Amazon","Electronics","Great little tablet for the avg user BUT no iPad I have owned a few tablets and currently own an iPad and iPhone. I'm invested in the Amazon ecosystem via Kindle e-readers and Fire TV's. This tablet is incredibly affordable and offers acceptable performance but it's heavily restricted if you do not figure out how to install the Google Play store as the Amazon App Store is missing a huge number of every day apps. It's a great extension for Fire TV's and it's certainly a good choice as a primary tablet for kids or parents who don't have an Apple budget. Personally I still find myself reaching for the iPad.","neutral"
"Toshalee","Amazon","Electronics","Disappointed doesn't play Netflix So I bought my little guys these tablets... so that I could repossess my IPad. Love the free time app but who could've imagined they wouldn't play NETFLIX!! So now... I'm out the money for the tablet and still don't have my iPad back... and yes, I called Amazon numerous times... they work after the fix, but the next time they go to use them they don't work again... the fix takes several minutes as it's force stopping the app, clearing cache then doing a hard restart... then you have to wait to restart Netflix.... oh and sometimes you have to do it numerous times before it works... if it works at all","somewhat negative"
"SeansterCT","Amazon","Electronics","Stopped working after 2 wks I can't return through Best Buy, because it's over 15 days. Started out ok, but then it just stopped working. It keeps freezing at home screen and I can't access anything. Extremely disappointed.","very negative"
"mrslmjc","Amazon","Electronics","Great Tablet Perfect for beginners or for anyone that wants great tablet at a great price although it's cheaper than when the original was released it still has the same greatness as it's predecessors for 1 forth of the price.","very positive"
"jsiklva4450","Amazon","Electronics","I'm returning it because a new version is coming i I'm returning it because a new version is coming i","very negative"
"Plum","Amazon","Electronics","You get what you pay for. Wanted a cheap tablet to read books and comics. I found the lack of apps to be disappointing. It seems the tabelt is designed to make one buy books from amazon or to buy apps.","somewhat negative"
"Rysalynn08","Amazon","Electronics","Lasted less than a month We purchased the tablet on December 4th, 2015 and by January 8th, 2016 the tablet shut off completely and does not work an will not turn on. This was a waste of money.","very negative"
"Senthilkumar","Amazon","Electronics","Best for 2 Years to learn Cool tab. Must buy for kids. Amazon need load apps","very positive"
"Euro90","Amazon","Electronics","Not as great as I expected I purchased the Amazon echo a little over a month ago. I like the concept of the echo but unfortunately it's not as responsive as I had hoped. Trying to get local news is nearly impossible. It's also not in sync with my Amazon account. Packages I ordered on Amazon that are delivered, it will still tell me are still in route. I think the speaker is a decent quality and I stream music quite often. I probably would not buy it again. Too expensive for the limited things it can do. Again, I like the concept but it still needs a lot of improvements.It's advertised as though it will make your life easier but other than creating a shopping list for me, I have not had an overwhelming life enhancing experience.","neutral"
"Thomas L. Coulter","Amazon","Electronics","This is a rip-off! I will use my apple ... This is a rip-off! I will use my apple USB plug instead, for free!","somewhat negative"
"Amazontab","Amazon","Electronics","Really bad I regretted buying this item.I will never recommend this to anyone","very negative"
"dupasue","Amazon","Electronics","great for kids originally had a 4g and needed a larger one for my nephew to play games and this is perfect for a 5 year old.","somewhat positive"
"MSG3","Amazon","Electronics","The sound was great I returned the item because itt was not wireless. It always needed to be plugged in in order to work. Otherwise it was a great product. I was looking for something that could be taken from level to level as well as outside with ease.","neutral"
"icanjp","Amazon","Electronics","great little device fire tablet is very powerful for the size and does everything!","somewhat negative"
"NateinTomball","Amazon","Electronics","Solid for the price The system is a little slow and then if you get the one with the offers, they slow down your reading a bit. But, you can't beat the price. This is not a full tablet. It' an E-Reader with a lot of enhanced functions.","neutral"
"Kelso","Amazon","Electronics","Tablet for my 8 year old Its a decent tablet for a really good price. it has lots of pre-installed apps, which only a couple are used by my son. He loves taking and editing videos, so the front and rear cameras are essential. Its a nice tablet overall, and I'm sure he and I will like it more once it is completely set up the way we want it.","somewhat positive"
"Lucy","Amazon","Electronics","Don't even bother This item is the worst ever a d the tech support is even worst. Spent hour troubleshooting and their solution was to return it to Bestbuy a d get anotherone. So i did. And guess what? It didn't work ether. Basically the Netflix app can't be downloaded becuse the Amazon Fire tv won't let you and to make it worst if you're a fan of HBO brace yourself becuase the app isn't even available on their app store. HBO simply doesn't exist. I spent in total 4 days troubleshooting with the Amazon team actually managing the Fire TV remotely from their offices and the answer was that ether the equipment is defective or that they don't have Netflix or HBO available for it. REALLY ITS FREAKING ADVERTISED ON THE BOX. DONT WAIST YOUR MONEY. better get an apple tv or a roku","very negative"
"Steve","Amazon","Electronics","Great birthday gift Bought for my son as a birthday gift and as a way to not wear out his laptop. Works great especially for videos and general online use.","somewhat positive"
"Jaymar819","Amazon","Electronics","Good beginnner tab Good for gift, inexpensive and functional. A bit larger than my Note 5.","very positive"
"LeeH","Amazon","Electronics","Love it. Love it. Great gift for those that like things to be more convenient. Why get up every five seconds when alexa can do it for you.","very positive"
"Atilaye2005","Amazon","Electronics","Great kindle for a beginner My kids had a good time with the kindle and now I feel like best buy is the best store ever.","very positive"
"Nana","Amazon","Electronics","great for my grandsons Christmas present I bought two of these kindles for two grandsons. They are very good with electronic items even though they are young","somewhat positive"
"Queenwolf","Amazon","Electronics","TOO MUCH BAGGAGE TO GO THROUGH I wanted to like this a lot because my Ipad Mini is heavy to carry in my purse all the time. This is so very light. BUT they make you jump through hoops to get rid of all the advertising on the device AND when you buy it at Best Buy you are not given a choice to spend an extra 20 on a 119 dollar book or put up with their ads. I had to go through being on hold FOREVER to get someone to help get this off my device so that was an IMMEDIATE turn-off. I don't find it to page-turn handle as well as my OLD ORIGINAL NOOK OR NOOK COLOR and certainly not anything like the Ipad Mini. If I hadnt kept it too long to return I would have. It doesn't auto correct to landscape then portrate, nope you have to MANUALLY CHOOSE ONE OR THE OTHER AND GOING BACK AND FORTH IS just stupid...it should have been part of the IMPROVED design, THEY REALLY MISSED THE MARK FOR THE PRICE. i CAN GET A FULL TABLET FOR LESS MONEY THAT DOES ALL THAT AND SIMPLY USE THE KINDLE APPPROSLight weightSmall for purseback lightCONS1-comes preloaded with ads2-not easy to get them off if you buy device in a store3-page control is not that simple4-t doesn't auto turn from landscape to portrate you have to set it to one OR the other5-not as touch responsive to anything6-don't like the organization of it","somewhat negative"
"Abyss717","Amazon","Electronics","Did not meet expectations I read reviews before making a decision for my purchase, but ended up returning the device as I was expecting an experience like that of an Android tablet.","very negative"
"DJof4","Amazon","Electronics","great beginners kids tablet The tablet is pretty good, I would give it 5 stars if you are able to download an use apps from the Google store, that is one of my only big complaint. And also how fast the SD card got filled with items from Amazon OS that's on the tablet without the user knowing. On the other hand, With four kids using tablets as reward time it helps the kids free time is awesome it useful","neutral"
"JustaGuy","Amazon","Electronics","Google Home Much Better Daily Traded in the Echo for Google Home after trying both. Did the training questions but still found it could only answer 6 of 10 questions. There were many specific apps but trying to remember the cues words is more difficult. Google home answers without cue words the first time and can extend a conversation based on the first question. Can ask for driving times to destinations without an app, same for getting a cocktail recipe. Very dry responses where GH has personality. Try them both before deciding what is best for your needs.","neutral"
"SF61","Amazon","Electronics","Dead within the week. I purchased this for my mother in law. She is getting old and wanted something she could see.The font size was never quite right for her and she was often confused by all the attempts this device makes to sell you something. It really wasn't a good fit for her.The device died approximately 1 week after purchase. We returned it for a refund.","somewhat negative"
"smudge","Amazon","Electronics","Kindle Review. There have been a few minor changes included in this new Kindle that I don't particularly like.Opening page is slightly confusing.","neutral"
"Tetsuo","Amazon","Electronics","Disappointing The sound quality of the speaker in my opinion is not worth the extra cost versus a Echo Dot. I could spend the difference on a separate speaker to use with the Dot and also have the flexibility of using that speaker elsewhere.","very negative"
"tapioca","Amazon","Electronics","Not what expected Disappointed with this tablet. Get one that uses Android system, not Amazon.","somewhat negative"
"kindle","Amazon","Electronics","better tables around Very nice size. Now only 50$. There's no Google play store so can't use Google Chrome cast to watch movies on tv. A tablet Without a Google play store is a disadvantage.","somewhat negative"
"Renee","Amazon","Electronics","Good value Bought this for a friend. It does the job (basic web and book reading) and at an affordable price. Nothing too fancy, but no problems.","neutral"
"beeker","Amazon","Electronics","Size and design is good but very slow I love the kindle and have had one in one shape or another since they first came out, but I just could not take how slow this model was. I returned it and purchased a Samsung tablet.","somewhat negative"
"dmac73","Amazon","Electronics","Ok product Good beginner tablet for older person who likes surf Internet.","neutral"
"Shae55","Amazon","Electronics","Pretty basic but works Pretty basic tablet. Lagging processor but it works.","neutral"
"navinjo","Amazon","Electronics","Works well Great e reader. Preffered the brighter display of the voyage over the paperwhite. Happy with 3G connection for all time access.","very positive"
"smileyone","Amazon","Electronics","Lots of great apps Good battery life, Good screen clarity, Easy to use.","somewhat positive"
"LGLDSR","Amazon","Electronics","Seriously Needs Improvement - Overrated! Let's be realistic on two fronts about the Echo: (1) I'ts fun to play with, a novel idea. (2) There are some serious flaws and if you doubt me you can try these yourself. Ask Alexa these three questions:(1) What is the Customer Service Number for UPS?. You'll be told the phone number of your nearest UPS store. No matter how you phrase the question.(2) Alexa, what is the current humidity outside?. You'll get the days weather report no matter how you pose the question. Seriously, it cannot even provide the Humidity?(3) Alexa, Who makes the 747 Jet?. You'll hear Hmmm, I'm not sure what you meant by that question. So throw in a clue with Alexa, who makes the Boeing 747 Jet? and you'll hear the same answer. And this product is alleged to go out to the web to pull down information from Wikipedia, et al?(4) The reproduction of music is egregious at best. Read anywhere on the Internet and you'll see this mentioned time and time again. It's very, very bad. Imagine a 1960's Transistor Radio not quite tuned well..(5) The voice quality sounds like something from a Commodore-64 back in the 1980's. Another very common complaint you'll read about in reviews.This is going back tonight. Not worth the $179.00 and I feel it's slated to go the route of the Pet Rock (for those who remember it).","very negative"
"pblee54","Amazon","Electronics","so so After owning the kids Samsung, this seems confusing to navigate. Also they have returned to using the Samaumg","somewhat negative"
"Gift","Amazon","Electronics","Great tablet for a beginner I got this tablet for a senior that is learning to to use a tablet and learning navigate through apps and the Internet and adjust to a reader","somewhat positive"
"Scrooge","Amazon","Electronics","very easy to use and is very durable. Grandkids fight over this. My daughter also uses this. Very good and user friendly. Would buy again.","very positive"
"ChuckinDallas","Amazon","Electronics","So So Didn't really do it for me. Being an ipad user, this unit was really foreign. If you are familiar with Amazon Fire products, it will be great for you.","somewhat negative"
"Elizroybal","Amazon","Electronics","Great kids tablet I have 3 autistic kids and is great cause they can be rough .","neutral"
"Firemaid","Amazon","Electronics","User friendly even for old folks My son gave this to me for a B-day gift! Music, movies, shows - and some news. Since I cut the cable I find that there really is very little news that I can't get elsewhere. No more news-fix required! Works with my Fire Tablet too!","somewhat positive"
"Tabitha","Amazon","Electronics","Complicating I love my device but wish there was more of a descriptive summary of how to get music stations and as well as other features. I've learned most by just coming upon things. Needs better operating instructions","neutral"
"weaver","Amazon","Electronics","Power fast How about power not! This doesn't power anything. I got this for my dad for Christmas and we just thought his Kindle was bad..nope..tried it on other things and it won't charge anything...I want my money back or a replace meant...maybe this unit is just bad! But 20 bucks down the drain!","very negative"
"kyp74","Amazon","Electronics","ok for a starter tablet For the price this was an ok purchase...the camera picture is not very good to say the least but overall ok for the price.","neutral"
"Richard","Amazon","Electronics","Does not work properly Device does not stay connected to wifi, always disconnecting. This makes product unusable for alarms and timers. When used to work with harmony, at times, does not turn on all devices. Over priced and overrated. Purchased Google Home, for the past week, it has not lost contact with wifi, and works perfectly with harmony hub. Difficult setup with echo, even with 5-6 times with echo support, they can't figure it out. Wish I could return, not too late.","very negative"
"rhysdt69","Amazon","Electronics","WAY too much to go thru for so little!! Price was too high( so we found out). Customer service at Best Buy in North Myrtle Beach had very little patience with our questions, not enough questions answered. We later found out that this too is Best Buy policy.","somewhat negative"
"Haaq","Amazon","Electronics","Its okay This is good for beginners but not very good . Its wifi work terrible","neutral"
"MiniMe","Amazon","Electronics","This thing blows This thing is ok as long as you don't expect it to be or have stuff(Apps&Games) like Samsung or Apple cause it doesn't. It has its own line of ****","very negative"
"MovieWatcher123456789","Amazon","Electronics","A good tablet Performs as expected. An excellent value, especially for lose looking for a reasonably priced gift for techies...or for kids!","somewhat positive"
"John","Amazon","Electronics","Fire good It works well for what I am using it for. To access shows.","very positive"
"DataFinder","Amazon","Electronics","Great gift Looking for a present for that young professional or graduate, this is great. They love technology.","very positive"
"AJ1983","Amazon","Electronics","Price is good but not worth ! Bought this tablet this Thanksgiving for $35.Tablet is too slow and apps doesn't responds properly, tried doing the updates over wifi to see if that resolves the issue but that didn't work too.Commons apps like Gmail, Facebook, Messenger or browser related are dying very frequently and sometimes doesn't even boots up, also, coming from Android you will feel that you have landed up in a deserted apps land.A good tablet for kids but adults can't rely on it !","somewhat negative"
"4supgrade","Amazon","Electronics","Just a gimmick to sell music services Summary says it all really. It works, but its not really very useful.","neutral"
"Mickey","Amazon","Electronics","The screen is too dark, and cannot adjust it The screen is too dark, and cannot adjust the brightness","somewhat negative"
"BradM","Amazon","Electronics","Great value Very nice tablet for the price. Built in storage is limited but easily expandable with a microSD card. The Freetime app for kids is excellent. Overall I would recommend this tablet.","somewhat positive"
"Pianoman","Amazon","Electronics","Product is hard to use and eats batteries. I have a hard time navigating the menus and use is not intuitive,","neutral"
"cdenae25","Amazon","Electronics","Not charging well Will not seem to charge all the way and this is my 7th Kindlle.","somewhat negative"
"Eaglepc","Amazon","Electronics","So,so Once connected to my wi-fi, it would not connect to daughters wi-fi when I visited her. The loading time for programs is really slow. Oh well, what did I expect for only $49??","somewhat negative"
"Sissy","Amazon","Electronics","It wasn't easy to use I didn't find the e-reader easy to navigate and actually found it confusing. I have an older model and that one is easier to navigate. The new one was skipping pages sometimes also.","neutral"
"Bestbuymember41","Amazon","Electronics","Excellent gift! My son was very pleased when he saw the kindle fire. He loves it and it is great for him because he like to read his books online.","somewhat positive"
"Anasinflorence","Amazon","Electronics","Nice tablet. Good enough for the price. Great for Amazon subscriptions and Amazon shopping.","neutral"
"RockKitKit","Amazon","Electronics","Nice Amazon Fire Nice Amazon Fire tablet But...the camera is not clear enough 2.0 megapixels and Amazon Fire is very slow wedsite and app it takes very forever download I think I have to returned on best buy and buy a good tablet 10.1 Lenovo and Samsung Galaxy...I will gave a Zero Rating Star","very negative"
"Kefer82","Amazon","Electronics","Good for the home Very good when using with vivant. Also good when you want need to know something like the weather.","somewhat positive"
"Amazon Customer","Amazon","Electronics","One Star I had to buy it, what else is there to say.","very negative"
"krish","Amazon","Electronics","30 bucks! You get what you pay for. No complains............","neutral"
"Davistylor","Amazon","Electronics","To big This makes my phone way to big can't fit in pockets","very negative"
"NateH","Amazon","Electronics","Does the job most of the time If you are looking for an inexpensive tablet just for basic web surfing/shopping/etc., I don't know that you can get a better deal. However, that is about all you can do. We found out the hard way that the Fire (which we bought to replace a misplaced iPad, so maybe we were just spoiled) is pretty limited in terms of the Apps you can download. Forget about any Google based Apps and many of the standard apps that are generally available in the Android or Apple market place. I love Amazon itself and don't have any major issues with the product I got for the price I paid, I just won't be going the cheap route in the future. Hindsight being 20/20, I should have spent the money to just get a new iPad since that is what we were used to.","somewhat negative"
"Josephapple","Amazon","Electronics","Didn't do textbooks! I bought it for college textbooks but took it back because it didn't work for this particular device.","somewhat negative"
"Leephou","Amazon","Electronics","Tablet nice, not so nice battery though Had it for about a week and now it won't take charge, tried new chargers and still not taking charge. Happy with tablet but unhappy about not chatging","somewhat negative"
"wirelesssassyowner","Amazon","Electronics","didn't work This review can not be valid due to the device did not work for me. I would put it down. Just upgraded to the ECHO instead of the tap.","very negative"
"vikas","Amazon","Electronics","GreT It's slippery u cannot hold it it always slips and lots of ads definitely not good if u don't like advertising","very negative"
"randy","Amazon","Electronics","Good for him I got this for my 6 yr old son, I was looking to get him the Samsung tab 4 but this was a great deal less money. It works for the things he does.","neutral"
"James","Amazon","Electronics","beyond expectations We love it. it is not uncommon to start up and let it go for several hours. It can play a very wide genre of music. ( That is what we primarily bought it for>)","very positive"
"Daniel","Amazon","Electronics","Good for the money Good bare bones tablet for anyone if that is all you seek. Do not expect the performance of a $400 tablet for $50. I have wifi & bluetooth going while streaming netflix and it performs fine, no lag on a reliable network. This is an amazon based OS, not a traditional android system.... so it is all geared toward amazon advertising and will not let you do much unless you register your device with an amazon account. It even asks for your credit card, but can be removed afterward. All apps must be obtained from their amazon app store, no google play store which is considerably simpler. There are ways around this of course if you know how. One more thing that is important and it is this... After more than a week, I finally noticed with more use that my screen has 2 spots with dead pixels which show up as solid white dots and cannot be seen unless on a very dark or black screen. After searching & reading online, it seems there are very many reports of these tablets purchased from any source having this issue. Even read someone who purchased a 5 pack and had several units with dead pixels. Test your new tablet right away after buying on a dark screen. You may be fine but it pays to look. I did not overly use my tablet at first and did not notice right away and though I still have the receipt, I already discarded the packaging. I am at the 14 day point today and could have still returned it otherwise, but honestly for all I use it for I am not overly concerned. Still whether 50 or 400 dollars, a brand new item should be free of defects. Again, so far I find it to be a reliable device if a simple bare bones tablet is all you need.","neutral"
"anita","Amazon","Electronics","fire is easy to use. convenient, easy to use and grand kids all have one too.","somewhat positive"
"Runner","Amazon","Electronics","Waste of money Slow response. Wait 5 sec to turn a page. Frustrating. Best Buy says too bad so sad for me.","very negative"
"fprincessfay","Amazon","Electronics","Really Basic This is a basic tab. I bought this for my sister. You can't really do anything much on this unless you have an amazon account and you have to buy a prime membership which is expensive. But I was still able to use it for games and internet browsing. I had difficulty using it for anything more. Camera was not the best.","neutral"
"LanieMom","Amazon","Electronics","not the best Nice, clear images, but very slow and the ads on the start screen are annoying. Also, the search engine, Silk, is not very good. Switch to Google if you can. Should have just stuck with the Digiland tablet--a lot more bang for the buck.","somewhat negative"
"Cidsue","Amazon","Electronics","Too small Bought it accidentally. Meant to get an 8 inch screen.","somewhat negative"
"awn72","Amazon","Electronics","Awesome tablet A great and a very affordable tablet. Very compact and i love it.","very positive"
"rcklaatu","Amazon","Electronics","Love the convenience I love that the Echo responds well to anything I say. Weather, traffic, sports are all easy to ask for. I can't wait to begin hooking up my lights and other home electronics to it.","very positive"
"Lafeyette","Amazon","Electronics","Great assistant I read all reviews about the tap so I decided to try it, I love it. The tap keeps me up to date with weather, news etc. I use it every day.","very positive"
"2014","Amazon","Electronics","Easy to use This product is very easy and light to use. Love it.","neutral"
"mitchc1970","Amazon","Electronics","Tablet will not charge The tablet works great when the battery is charged. The problem we have is the provided charging cable connector does not seat well into the tablet's micro USB port and does not have a solid electrical connection. Therefore, most of the time the tablet sits useless with a dead battery.","somewhat negative"
"Karen Henning","Amazon","Electronics","Great at first, warped within 3 months I, as well as other Kindle lovers, have noticed that although we have taken great care with the cover, it has warped and has bubbles and is not durable. Within 3 months, and I only started using the Kindle with the cover in the past 2 weeks, noticed the cover has become warped and bubbled under the leather. No idea what would cause this, I have taken great care not to put it near any source that would have done this damage, not sunlight, heat, moisture or anything. I will be requesting a replacement, but Kindle manufacturers of the cover need to do their homework and come up with a better product, especially for the price we paid.","very negative"
"Jeharkleroad","Amazon","Electronics","Good Good product and will definitely share to all my friends","somewhat negative"
"DebN","Amazon","Electronics","Amazon Fire 8 Gb We bought this for our 8 yr old daughter and it's great for most of what she does, but it is not good for playing a lot of games because it locks up sometimes or it runs a little slower. So if we had to do it again we'd probably buy something with a bigger processor.","neutral"
"jallen344","Amazon","Electronics","great tablet! Great bare bones tablet! Great for e book reading! Also, can't beat the price!! no complaints here!","very positive"
"URDRWHO","Amazon","Electronics","Good reader but not very good browser This works very well for a reader but if you want to browse online it is not so good. The default Silk browser is slow; side loaded Opera and it is slow; Chrome is slow and Firefox is slow. So I have to assume that it is the Fire that is slow WiFi / browsing. But then it was an inexpensive piece of hardware.","somewhat positive"
"Normalguy","Amazon","Electronics","Great tablet at a great price This is a great price point for this tablet. I bought 3 of them for my family to use to supplement their iPhones. YouTube and Netflix are easier to watch on the tablet's larger screen.","very positive"
"reddks","Amazon","Electronics","Nice Product The Amazon - Fire TV worked great our needs. It has all the features we liked.","somewhat positive"
"Keeks","Amazon","Electronics","Basic but good I bought this tablet for my little nephew and he loved it. Perfect for downloading apps on the go and keeping the kids busy on the road. Easy to access the wifi. Memory is ok but I knew that buy the cost. Would recommend for basic use.","somewhat positive"
"flower","Amazon","Electronics","Great for learning to use computer Bought the fire for my mother who is 72 to learn how to use a computer the price was right and she can use it to search the web","neutral"
"LadyD","Amazon","Electronics","It's ok I own an echo and the tap. The tap is slower to respond. If you haven't used the echo then you will like the tap.","neutral"
"Thermite187","Amazon","Electronics","Refurbished version is giving me problems with HDMI connector. Otherwise it's a good device. Careful with refurb! I bought this thing refurbished. I find that I have to unplug / plug back in the HDMI cable on a regular basis when switching inputs on the TV. Not sure if it is the Amazon Fire box itself or if it is the TV (Not likely).Otherwise it is a good device. I bought it for the ability to hard wire my Ethernet connection to my gigabit switch and for 4K capabilities which it does do. Having the Alexa app is handy but her features can be severely handicapped.I probably should have just bought it new..... usually refurbished devices work well as they are tested before resale and it was probably tough to catch that the HDMI port on these might be finicky. I may have to switch it out.","somewhat negative"
"Penny","Amazon","Electronics","Nice size to travel with. Screen larger than phone. Visual better...........","neutral"
"tgm1","Amazon","Electronics","fantastic reader got this because where i work we are not allowed anything with a camera.this was perfect,can read for hours with little strain on my eyes.","very positive"
"Ebcrawford","Amazon","Electronics","Great buy for younger adults I bought this tablet for my son. He used it for mainly games. I though he would like reading his books on it but he prefers the actual book vs digital books. It works great, fast, and vibrant colors. I play with it on occasion. It fits in my hand at night and it's larger than my phone but not as expensive as other tablets. All in all it was worth the money.","neutral"
"DaBroncos","Amazon","Electronics","Good, If you plain to use this for video stream I mainly got this united to task advance of Spotify Connect but the unit would lockup if I tablet or phone that I using times out. I have to reboot the device in-order for spotify to recognize the Fire device again.","somewhat negative"
"OukimN","Amazon","Electronics","Lack usability Buying this device I thought it could replace my phone which my kids love to use to watch their videos. It's great with applications but it's limited when it comes to kids video outside of Amazon's store.","neutral"
"vill41","Amazon","Electronics","cheap feel fully understand this is a budget tablet, but the memory size and quality of screen are not to par","very negative"
"saroj111","Amazon","Electronics","won't charge This tablet was plugged in all night and did not charge.No powerWhite elephant","very negative"
"Greg","Amazon","Electronics","Amazon echo referred to as Alexa So sorry I bought this, had to change its wake up name to echo from Alexa it wouldn't answer to Alexa, on a scale of 1-10 with 1 being terrible I'll rate it a 2 most of the time didn't know how to answer or didn't understand the question, did all the self help and with amazon customer service am ready to return it","somewhat negative"
"Doubleo420","Amazon","Electronics","Not For Kids This is way to complicated for kids, my kid was frustrated trying to figure it out","somewhat negative"
"Aloysius","Amazon","Electronics","Great gadget ok speaker Alexa is pretty fun. I feel as though with updates and more skills to come in the future she will be even more helpful. As an actual speaker or sound system it's just ok. You don't really get the deep rich tones that you would with a larger higher quality system, but for like $80 Echo and Alexa is a good deal.","somewhat positive"
"Chadp81","Amazon","Electronics","Solid tablet I bought this as s present for my 65 year old grandma. She loves it. Very easy to operate. No issues","neutral"
"Bmoney","Amazon","Electronics","Glitchy It's a really cool device with a ton of apps but it often will freeze if left on to long","neutral"
"thenew","Amazon","Electronics","Great Screen Resolution and Form Factor This e-reader is amazing. It is so light and easy to read with one hand. The screen is great and the battery lasts for weeks.","very positive"
"lgfan","Amazon","Electronics","Crashed after update My first tablet was a Kindle. I was curious about the updated version. Very disappointed","very negative"
"Brian Hockings","Amazon","Electronics","One Star Overpriced and should be FREE with Kindle Purchase","very negative"
"Earthdog","Amazon","Electronics","Is it worth it I have a Paper White 1 and 2. Honestly it is difficult to justify double the price value. I certainly like most added features but not sure its worth the extra money. To note it operates great just not sure its worth an upgrade to the latest greatest.","neutral"
"chihuahua","Amazon","Electronics","Kindle Paperwhite I love my Kindle Paperwhite. It is very easy to operate and it holds plenty of books. It is easy to travel with. I would recommend it to everyone","very positive"
"AbbasFazal","Amazon","Electronics","Great product Superb sound quality with deep bass and loudness, excellent voice recognition with noise cancelling. Lot of Alexa apps with integration with Logitech remote, Philips Hue home automation devices.","very positive"
"Pixie75","Amazon","Electronics","Not for kids Didn't realize until after we bought it that there was no google play.","very negative"
"Mofya","Amazon","Electronics","It works but it's slow It works but it takes a while to do anything. But for the price, it's good enough for the kids.","somewhat negative"
"Don1973","Amazon","Electronics","Good value for cost Takes a bit to get used to OS but once you do it is a pretty decent tab for 40 bucks.","neutral"
"versonova","Amazon","Electronics","Gift for my wife She loves her kindle and reads it every night. I am Looking forward to seeing her face when she opens this in a couple weeks - better screen and WiFi that works. The old one lost WiFi connection in an update or something but works with USB, its about 4 years old. Even with those issues she loves the old one. So this one is going to be spectacularly awesome and the new screen and features are gonna be so appreciated....","very positive"
"BoutLastNite","Amazon","Electronics","Horrible Item Bought it for my 5 yr old daughter and for some reason it did not work. This is the second time I've purchased this and had to return it. So I will get her a mini iPad. Never again will I waste my time and money.","somewhat negative"
"Yug001","Amazon","Electronics","Great personal assistant Picks up voice commands quickly. Music quality is good for the size of the device. Very handy to ask Alexia to add items to shopping list and retrieve on your cell phone.","somewhat positive"
"GAPINDY","Amazon","Electronics","Decent hardware, not the best Android experience I bought this when it was on sale, and my rewards coupon was expiring so I felt I didn't have much to lose. Overall, this tablet is a good value, but you have to be careful about certain aspects.The tablet is really fast for something in this price range. The screen has pretty good resolution as well. There is no Bluetooth connectivity so keyboards and wireless headphones won't work with it.The app store is the Amazon app store. I side loaded Google Play and am getting my apps from there (YouTube helpful for instructions). The lock screen is an Amazon billboard. The default search is Bing instead of Google. I haven't figured out how to fix that yet. I just use the Google app to search Google. You can load the Chromecast app from Play, but it is hit or miss as to whether it works. It works for YouTube and Flixter, but it doesn't work for any Disney Apps (Watch ESPN, Watch ABC, etc.). You can cast the screen and view things that way, but the resolution is limited to the resolution of the tablet's screen.I think it was a good deal since it was cheap, and I can now watch my Prime Movies on it. Still, it's not the tablet you would expect from an Android device. My satisfaction would improve greatly if Chromecast worked better.","neutral"
"Taylor","Amazon","Electronics","Pretty good for the price So far I haven't had any trouble with this tablet. Only thing that sucks is this I can't text from it. If anyone who's an app for it let me know! Thank you !","somewhat positive"
"Lion1","Amazon","Electronics","GOOD DEAL Love everything about my new tablet. Good for on the go work related stuff or even just basic movie watching or emails.","very positive"
"Dgp2017","Amazon","Electronics","Arrived broken Screen was cracked but the package did arrive earlier than expected","very negative"
"lacorota","Amazon","Electronics","Inconsistent quality I've had every Kindle e-reader available. Though it doesn't have all the features available on the Voyage, the Paperwhite is the best. The issue I've had are the emergence of tiny light leaks emerging from the source through the matte textured page background. They're little pinhole-sized, bright light scattered across the page. It usually begins with just one, or two, and becomes several over time. It's distracting to reading. In a conventional book, it would be like having a small speck of dirt on the page. If these little things don't bother you, then it's not an issue. The Paperwhite models don't seem to have this problem as often as the Voyage does. I went through 3 Voyage models before surrendering and returning to the Paperwhite. The Paperwhite has fewer total lights, so it's not as evenly lit as the Voyage, however, it's nothing significant.","neutral"
"Infatigavel451","Amazon","Electronics","Not a great tablet platform Compared to an equally inexpensive RCA tablet, this one has more limitations in the apps you can get. I was disappointed in its utility and prefer the RCA tablet over this one.","somewhat negative"
"MrsB","Amazon","Electronics","This tablet is great for my child. My son thoroughly enjoys having this tablet, and I love the protective case that comes with it.","very positive"
"redfeather","Amazon","Electronics","kindle used as a kids tablet Well primarily I was going. To for a Samsung galaxy but for the price I went with this kindle for my daughter to use I do like the parental control features I just wish Amazon was a full android device instead of limitations to app markets I can't even get Google play. Unless you jail break it. Well for what it does it works fine just not the top of the list.","neutral"
"mominpa","Amazon","Electronics","Love Alexa Alexa is so much fun. Love the jokes and the ability to get any information I need by simply asking","very positive"
"techgear","Amazon","Electronics","This is best in the market It is highly recommended for someone who loves reading. Easy set up, lots of books to download.I have iPad, but this beats reading experience hands down.One downside is that the new Kindle Paperwhite has lower battery life compared to it's previous generation. Hence only 4 star.","somewhat positive"
"FLEX3333","Amazon","Electronics","Not impressed Thought this would be pretty cool gadget. Not impressed. Poor voice recognition.","somewhat negative"
"Firekindle","Amazon","Electronics","Kindle is overrated Too proprietary, the apps my daughter liked I could not install on it for her so basically it was worthless for me and I returned it.","very negative"
"Dramaqueen","Amazon","Electronics","A Gift I bought this for as a gift for my daughter. she love it!","somewhat positive"
"BIRen","Amazon","Electronics","Great product, great features, great price. My wife and I are so happy with the range of functions on this product that we bought one as a gift for her sister. Love the clear and crisp screen and ability to navigate easily.","very positive"
"Rooster","Amazon","Electronics","Did NOT LIKE THE PRODUCT I returned the item was not what I expected very disappointed white the table","very negative"
"vetty11","Amazon","Electronics","good price just bought it and not really happy i really expected more from amazon","somewhat negative"
"Rick","Amazon","Electronics","Kindle It's more for people that want to read without glare","somewhat negative"
"JerryF","Amazon","Electronics","Excellent We love it (that's me & my wife) . My son & daughter-in law & 2 grand-girls all love it.","very negative"
"kanester","Amazon","Electronics","Fun and nice audio quality Alexa doesn't always know what you're talking about, but we love hearing her good morning quotes and anecdotes and the audio quality for listening to music is very nice - similar to a bose sound.","somewhat positive"
"Prater76","Amazon","Electronics","Save your money This product is not user friendly much less kid friendly. Took them back for samsungs.","very negative"
"Jason","Amazon","Electronics","Good Tablet We bought one of these for our 2 year old a few months ago and we liked it so much we bought one as a Christmas present for a 65 year old parent. It obviously isn't the highest quality tablet on the market, but it very responsive and gets the job done. And, you can't beat the price; just a great value.","somewhat positive"
"Postal","Amazon","Electronics","5 dollar AC to USB power adapter for 20 buck 5 dollar AC to USB power adapter for 20 buck","very negative"
"Jeanray48","Amazon","Electronics","Kindle Love my kindle. It's perfect to take with me on the go. Very easy to use.","very positive"
"Marc","Amazon","Electronics","Great Device I'm a big fan of my Amazon Fire Tv. I really enjoy being to access my favor apps on one device.","very positive"
"Jerry0102","Amazon","Electronics","Great source of information We just love this item - had a problem with getting the correct temperature. Had to get technical support to help us. It has since been resolved","very positive"
"Ravi","Amazon","Electronics","Screen Size could be bigger The screen size could be bigger like the earlier versions of kindle.","neutral"
"ndmat","Amazon","Electronics","simple easy to use. works great when you have an Amazon account","somewhat positive"
"DonL","Amazon","Electronics","Mediocre Tablet The processor is very slow. The tablet is great for reading books and ordering stuff from Amazon, but it is really slow opening aps. Pay more to get the better processor.","somewhat negative"
"Usman","Amazon","Electronics","Never buy it I purchased this item on sale as an alternative tab to android RC tablet. Fire tab is extremely slow, my son had been using RC tablet without any problem, but this one is slow, takes forever the web page to load, apps are also slow. Absolutely waste of money.","very negative"
"Gildo","Amazon","Electronics","Great but lacks 4k content I bought this hoping to make good use of my 4K TV but realized that there is very little 4K content out there. But at least I'll be ready then.","somewhat positive"
"Amazon Customer","Amazon","Electronics","Purchased for my son's kindle fire, plug in, ... Purchased for my son's kindle fire , plug in , and get a message that charging will be slow. I bought an OEM fast charger for this exact reason , to be fast , not even slower that a 3rd party.","very negative"
"Angel487","Amazon","Electronics","OK Good tablet,the screen is a little confusing but OK","neutral"
"LuvsBB43","Amazon","Electronics","Serves its purpose Great value for an awesome gadget. Love it so much","somewhat positive"
"JayJ","Amazon","Electronics","Dont buy This thing has major connectivity issues, save your money and wait for a later version.","very negative"
"Kragnar","Amazon","Electronics","Great overall Great as a streaming music ayer that has other functions. The quality itself of the speaker is great.","somewhat positive"
"tony","Amazon","Electronics","it does not display in 4k The fire tv does not display in 4k.. it processes in 4k but cant display 4k.. This is because of the dumb design.. It still has a 1.14 HDMI port.. you need at least a 2.0 dvd port to receive a 4k signal.. You wont be able to tell until you hit your tv display resolution.. there you will see it still displaying in 1080p.","somewhat negative"
"Krissimoe","Amazon","Electronics","Great tablet for great price Bought for my 4 yr old. ...great Tablet for his age. ..love the aps","somewhat positive"
"JCSReview","Amazon","Electronics","It was faulty, had to contact Amazon The one purchased at Best Buy had black and gray lines appearing across the screen when powering up. It got worse, to occurring while using it. Amazon was contacted via Chat and determined something was wrong, and exchanged it. The replacement from Amazon is working, so for this I will mark, Yes to recommend it.","somewhat negative"
"Rich1865","Amazon","Electronics","Device is not as rugged as it could be returning returning for a replacement. It got wet and quite working for a child's device it should be better made.","neutral"
"Darkanqei","Amazon","Electronics","Confused The protector was not made for the Fire 7 as it was to large and had no directions that were coherent. Worse purchase from Best Buy ever.","very negative"
"RayAraya","Amazon","Electronics","Very poor. Freeze frequently... No way to trouble shoot or repair it...","very negative"
"Judge","Amazon","Electronics","Great Gift Bought as gift. Excellent purchase. Would buy more","very positive"
"aravindan14","Amazon","Electronics","Good device for reading books you buy. You will find detailed reviews of kindle paper white online. I will cover some other general observations,If you send a pdf to your kindle email , it will sync it to your kindle. But the fonts appear small when you open it in kindle paper white and the menu option did not allow me to change font size. You have to convert the pdf to be able to adjust font size.You will be able to convert your existing pdfs by sending a email with Convert in subject line and including the attachment and sending it to your kindle email (refer to amazon settings for finding out your kindle email). However it may lose the tables or other code diagrams from the original pdf so that is a pain (varies from pdf to pdf). Also if you are used to ios or android, the page turns are not the same like flipping. when you tap or perform a page flip,It will blink for a sec and refresh the page to move to next page. I found this a little annoying but it works. if you buy a book online then that might be a better option as it will let you read the formatted content correctly.Battery usage is fantastic.Another positive is that the inbuilt lights are not glaring in the dark so you will find reading to be a pleasant experience. They have settings to adjust brightness as well.","neutral"
"Shawn","Amazon","Electronics","Great for my wife this was great for my wife who just needed a basic tablet for web browsing and media consumption.","somewhat positive"
"beth","Amazon","Electronics","I haven't used it yet. I set it up but haven't used it yet. Not clear how to download books but I plan to learn that this weekend.","neutral"
"DeadSticks","Amazon","Electronics","Fire tv 4K I have been and Apple TV guy from the start but was disappointed they chose not to include 4K on there latest model. So I thought I would see what Amazon had to offer. Wow the 4K content available is awesome and growing everyday. All the menu's are easy to use and set up. Very, very, happy with this purchase.","very positive"
"Princess","Amazon","Electronics","Eh I hate it, there isn't any organization for the apps","very negative"
"WhiteFang","Amazon","Electronics","Very good system I would buy this product again; would also recommend it to friends and family.","very positive"
"Sally","Amazon","Electronics","Not happy with it at this time. The paperwhite was excellent at first but just yesterday (Feb. 22), less than 2 months since I purchased it, it froze and nothing I do will work. I am taking it back to Best Buy and hope they can fix it.","somewhat negative"
"Brandon","Amazon","Electronics","TERRIBLE DONT BUY i Bought this around black friday for $60 hoping it would be awesome... it failed so hard i tried multiple different micro SD cards none of which were recognized and YES i formated them with every format i could think of ... Fat32, NTFS, Fat, Xfat... i even tried to have the tablet do it... didnt work... to make matters worse half the apps i wanted to use werent in the app store and i came to find out that it isnt linked to the normal google play store this tablet has its own app store which is missing many common apps... the main reason i bought this was to play clash of clans and i cant because it wasnt on the app store... i tried to also use aftermarket play stores to play COC but it didnt work... launched and played 1 time but didnt work or update after that... needless to say i returned it and bought a $250 samsung galaxy tab A 10.1 (2016 version) with S-pen and its WAYYYYY better... bottom line you get what you pay for... also hint the s-pen version has an extra 1 GB of ram over the non pen version... so you should get that if you can afford the extra $50...","very negative"
"Wentrini","Amazon","Electronics","Good Decent product for the price compared to others in the same price range","neutral"
"Gram","Amazon","Electronics","Had to exchange this one Was unable to get to google docs on this one even though the sales person said we would be able to. My Granddaughter needed this for school & it did not allow you to get to google docs.","somewhat negative"
"customer11123","Amazon","Electronics","Great Value Great value with a lot of capabilities and available aps. This was purchased to be my 13 yr olds first 'grown up' computer of her own. She is very satisfied.","somewhat positive"
"ymmot","Amazon","Electronics","Meets price expectations Meets expectations consistent with the price. I don't really use it for anything. It simply can't replace my iPad. Both the screen quality and battery life are poor relative to my iPad 4 from a few years ago, so I haven't found a use for this Kindle Fire. Generally it just feels cheap and the user interface not as clean as the iPad. I think it's value is consistent with the low price point.","neutral"
"jdc1","Amazon","Electronics","Tons of advertising From the minute you turn it on there's advertising. The OS is very different from a standard tablet OS - I couldn't get an app that I wanted from the Google Play Store - it just wouldn't work on this. As I said before, I found the amount of advertising just ridiculous.","very negative"
"Edwin","Amazon","Electronics","Great reading experience This is my second kindle but this one is light years ahead of my first. The refresh rate is so much quicker and the back light makes reading a pleasure. I prefer this to my IPad mini.","somewhat positive"
"Christian1978","Amazon","Electronics","I didn't like it There were many questions unanswered, I think apple Siri is better.","somewhat negative"
"IrishSFJ","Amazon","Electronics","Cant beat the price Got this on sale during Black Friday. Great little tablet for the price. It isn't fast but gets the job done.","neutral"
"Bess","Amazon","Electronics","NOT for First Generation Fire TV One person found this helpful. Was this review helpful to you Yes No Bought Amazon Fire TV 2/16/15, this is NOT the replacement cord for my model.Be aware of what you are purchasing --- this is NOT a fit for the older Fire models.Alternate, non Amazon, power cords are available for the older version of Fire TV on Amazon.","somewhat negative"
"Just4uelsie","Amazon","Electronics","Nice but only answers a few questions Doesn't answer as many questions as led to believe should have google instead of Bing a simple alarm clock is all I use it for not much good for anything else would have returned it but I like gadgets . Don't recommend purchasing","somewhat negative"
"Barry","Amazon","Electronics","Good Value Product works ok. It's user friendly. I don't really need or use it much after purchasing it. For those that like it ..what a bargain","neutral"
"Chad63","Amazon","Electronics","Great system-easy to navigate Decent choices. Integrates Netflix and voice commands. Sometimes loses wifi connection and has to be reset.","somewhat positive"
"Tabl","Amazon","Electronics","Great tablet I love the tablet....I just can't do without the tabelt","very positive"
"Jonas","Amazon","Electronics","Slow disposable tablet If you don't mind the slow performance, it is a good tablet for the price.","neutral"
"dpuphi1938","Amazon","Electronics","Fast, reliable, can't beat it for price You can't beat the Fire tablets for the price. Can't tell much of difference with non Hd screen. Highly recommend","very positive"
"Chinna","Amazon","Electronics","The tablet not so great as mentioned The touch and loading the content is very bad, it doesn't respond quickly and it very slow","very negative"
"Fire","Amazon","Electronics","Good Good tablet but very limited in apps, only to basic surfing","neutral"
"Samswe12","Amazon","Electronics","Totally disappointed I tried to set it up for over an hour and it wouldn't connect to my wifi. The orange ring didn't last more than 30 sec to even give it a chance. It just sat their with the ring of death no matter how quick I was. Powered my router off and back on even. My other devices were connected just fine before and after. So frustrated and no matter how hard I tried it didn't work so I just took it back and got a refund. Totally disappointed!","very negative"
"Tedd Gardiner","Amazon","Electronics","Great for those that just want an e-reader I am enjoying it so far. Great for reading. Had the original Fire since 2012. The Fire used to make my eyes hurt if I read too long. Haven't experienced that with the Paperwhite yet.","somewhat positive"
"loopy","Amazon","Electronics","8 fire 16gb tablet I am bring it back for an exchange. (a different make)","very negative"
"none","Amazon","Electronics","Nice to not have to use a switch somewhere. Doesn't always do what I asked for. It is probably because my voice wasn't as clear as it could be.","somewhat positive"
"jennjordan30","Amazon","Electronics","Great for teens Birthday gifts for both of my teenagers. They can do the social media that they enjoy and complete things for school and they love the camera!","very positive"
"Cover","Amazon","Electronics","It's okay I got it because it was smaller and lighter than the original kindle fire. It is not as easy to operate as the original kindle fire.","neutral"
"ALEX","Amazon","Electronics","Great value I've had no problems so far, pretty good tablet for the price.","somewhat positive"
"Pancho","Amazon","Electronics","it only get's better Very similar to the fire stick but it seems a bit faster when downloading.","very positive"
"Hej125","Amazon","Electronics","Good price. This is a pretty reliable tablet especially for the price.","somewhat positive"
"Oneoldwarrior","Amazon","Electronics","Great tablet for kids! I purchased this tablet for my granddaughter, and she can't put it down!","neutral"
"Ro0011","Amazon","Electronics","Good Value I recently purchased this Amazon Fire for my daughter, i like that it has the little accent of a night light, so if we are watching a movie in the dark, she can still use it without illuminating the entire room. features are average, just like any other tablet. It is a little bulky but for a child, it gets the job done. Pretty sturdy when its dropped. Doesnt have much storage, but the good news is you can add your own SD to create more storage.","neutral"
"Jennifer G","Amazon","Electronics","Complete Disappointment Truly I should have tried to get a refund. I threw out the packaging before I realized how poorly it works. This charger only works every third day when held at a particular angle. The planets almost need to align for it to charge my Kindle. Complete disappointment.","very negative"
"edrianjude","Amazon","Electronics","Worst Fire Tablet of all I don't recommend buying this. After 1 month of buying this, it won't charge or turn on.","very negative"
"electric","Amazon","Electronics","Great for reading on the beach! This Kindle works great for reading outdoors in daylight and can also download books using the Wi-Fi from the device.","very positive"
"Xiitz","Amazon","Electronics","good for its range its good performance and highly recommended to amazon users","somewhat positive"
"ChuckNorris","Amazon","Electronics","Great for Amazon only users Bought this to replace a broken tablet hoping it would work for a replacement. Unless you are amazon everything. Google apps aren't easily installed on this tablet. Otherwise it's a great value for the money.","neutral"
"Foofy","Amazon","Electronics","Slow Swiping had to be repeated several times sometimes to get the action to respond. Returned.","somewhat negative"
"Gaston","Amazon","Electronics","Alexa Malexa This item is useless to play music through voice recognition unless you pay for an amazon prime or Amazon music account. Once that is disconnected she only plays your music through manual control from a blue tooth connection from your phone. Pointless!!! More than half the questions I ask her she doesn't know the answers to. The only thing she's good for so far is the time and weather. That basically the most expensive blue tooth speaker and clock I have ever purchased. I want my money back","very negative"
"LadyLou4372","Amazon","Electronics","USELESS Will not stay connected to WiFi. When it is connected, device has to be within 6-8 ft. of router. Need this in the kitchen. Don't want to walk 25+ feet to use it. My other wifi devices work everywhere in the house as well as most of yard and garden. So I don't get it. Sick of looking at it - useless.","very negative"
"Artangel","Amazon","Electronics","Pretty good tablet Good value tablet, make a good remote for fireTV. Often cheaper at other vendors though.","somewhat positive"
"tstroppels","Amazon","Electronics","Good for the price!!! Good for the price hard to beat it!!!!!!!!!!!!!!!!!","very positive"
"Wouda","Amazon","Electronics","Amazon Fire If you need a basic tablet then the fire works. It falls apart when compared to the iPad mini from a usability, functionality and available apps standpoint.","somewhat negative"
"CeeBear","Amazon","Electronics","great for a 1st tablet Tablet was brought for my fiance for Christmas. I had to return it because it kept freezing up. Also, it didnt get Clash of the Clans game..","neutral"
"Adam1","Amazon","Electronics","Do Not Buy This Tablet I bought this tablet because it seemed worth it for the price. However, it only lasted 6 months before the battery died and was not chargeable, regardless of troubLeshooting and what cord or outlet I used.Best Buy said they couldn't do anything but said Amazon could help me since it should be under warranty. I escalated multiple times with Amazon and they refused to help me each time. So save your $49.99 and put it towards a good product.","very negative"
"Paolo","Amazon","Electronics","Good hardware, bad software The built quality is great taking into considerarions its price. The tablet is pretty fast and responsive. However, Amazon's operating system is horrible. I miss a lot of apps that I use in my Apple devices, and some others that just don't work as good such as Mint and Netflix (don't have download capability). Also it won't work with my Chromecast devices...","neutral"
"Coco","Amazon","Electronics","Great tablet Love this tablet easy to use and extremely affordable","somewhat positive"
"U1dery","Amazon","Electronics","You get what you pay for... Full disclosure, I've only had iPads in the past. I needed an android based tablet as a 3rd party app that I needed was yet IOS supported. You get what you pay for. Build quality, touch and feel, yes it's equal to the price. Constant adds urging you to make various Amazon based purchases...not my cup of tea but I guess fills a price point and need.","somewhat negative"
"JDActor","Amazon","Electronics","Works well only with fiber optic internet Unless you have fiber optic internet, don't buy this. If you have ATT Uverse it will mess up the TV, lower the speed of your internet, and play havoc with the phone.It has not worked yet since getting it, since I only have 25mgb of internet, and it really does not work at that speed at all.","very negative"
"smokes","Amazon","Electronics","Best streaming device So this is my second fire tv and just like my first one I love this one just as much. My advice is you are debating between the fire stick or the fire tv pay the extra money and get the fire tv.","somewhat positive"
"Sunshines","Amazon","Electronics","Freezes up. The kindle continues to freeze up when watching a movie. It will also freeze randomly.","very negative"
"Tablet","Amazon","Electronics","It's ok Speakers sound real low Not easy to use at allHave to pay for everything","somewhat negative"
"SkierBill","Amazon","Electronics","Good value and Samsung quality! Most of the time I use the tablet for the Web, reading and email, but when I want to work on a Word doc, pdf, budget and a lot more, I can do it well on the tablet without pulling out my laptop. The screen isn't as sharp as the S2 models but is nice enough and it does not lack anything else.","somewhat positive"
"dpeter","Amazon","Electronics","great size nice size, very clear but randomly shuts off. cant remove unwanted apps from the home screen. if you watch video..it buffers alot and laggs.","somewhat negative"
"g8ter","Amazon","Electronics","it didn,t work had to be returned it didn't work I had to return it after Christmas and buy something else, made for a wonderful Christmas mourning","very negative"
"Medic127","Amazon","Electronics","Awesome for the kids Very awesome tablet for kids and great parental controls","very positive"
"Anonymous","Amazon","Electronics","Great tablet for reading The pages look like actual pages from a book to allow for easier reading. Bought this for my mother in her 60's and she loves it!","very positive"
"Cris","Amazon","Electronics","Great sound for the size Does the job. Kids are kinda of rough with its holding up well","somewhat positive"
"Kaitkins","Amazon","Electronics","Nice tablet Husband loves the 8 tablet. The screen is big enough to view what he is reading","very positive"
"Just the Buyer","Amazon","Electronics","Not worth the money I was surprised to find it did not come with any type of charging cords so I had to purchase one and then found my Sprint HTC 3D charger is faster. I would not purchase again- 1st item I've ever not liked I've purchased from Amazon","very negative"
"Debbie","Amazon","Electronics","Not great tablet Prob good for price but to many bugs. Freezes up often and games don't always load","somewhat negative"
"dotuser","Amazon","Electronics","basic table basic tablet. Good for beginners. Easy to carry. It can be used with ease.","neutral"
"RoseGoldLove","Amazon","Electronics","Ugh worst ever! No memory I purchased this as a after thought. The tablet has 8gb but from the moment you start to use it almost five is already used by Amazon I was totally disappointed. I love how the screen savers changed though it was so clear and unique but the memory took the cake for me!","somewhat negative"
"Aaaa","Amazon","Electronics","Great kids tablet I needed something for a young kid and this tablet was suggested to me from a sales person at Best Buy. The kid loves it.","very positive"
"GalaxyClassics","Amazon","Electronics","Great for basic media Great tablet for the money and basic media. I enjoy it for reading, audible, and streaming video. Uses Amazon App Store which uses google play. Thousands of apps!","somewhat positive"
"ClunkyD","Amazon","Electronics","4K streaming didn't work. I have a pretty fast and stable internet connection, 65Mbps down.So when I tried to stream some 4K content, it kept buffering to the point that it just wouldn't load the video anymore. Even streaming 1080p content had some issues. So i used the dedicated apps on my tv to see if I had the same problem, nope. It worked flawlessly! This product just plain sucks.","very negative"
"Cherbear","Amazon","Electronics","bloated Great tablet. Great performance and is stable. I have ipads and other tablets and I really enjoy reading and watching shows on my kindle fire vs any other tabletThe kid version is kind of annoying. So.many. apps.. ugh. And kids dont understand that they have to wait longer if they're going to download 100 apps at one time..","somewhat positive"
"Buyersremorse","Amazon","Electronics","Don't buy! Buyer beware They say it's free tv...ITS NOT!You have to pay for everything! I wish I would have bought this before I cancelled my cable.","very negative"
"Yvette","Amazon","Electronics","Product wasnt good The tablet stop working after the second week. I couldnt find the receipt to return it. Its just beenCollecting dust","somewhat negative"
"Rachel","Amazon","Electronics","Slow tablet Bought this for my daughter and she didn't care for it when it came to the apps. Works great for reading.","somewhat negative"
"Disappointed","Amazon","Electronics","Returned it.. SLOW!!! We purchased this as a replacement for our now-broken iPad. Though we liked the smaller size (more convenient, easier to carry, etc), the internet was sooooooo slowwwwww that it drove us crazy. Sometimes minutes to download a site (and this with no other apps open!1). Plan to go back to another iPad.","somewhat negative"
"srik","Amazon","Electronics","Product for Kids and not for Elders This product is a beginner product for Kids and nothing to be of use for Elders","somewhat negative"
"bradenboo","Amazon","Electronics","Poor I tried this out for a few weeks and it does not have nearly the programs that it says it does. I would rather pay for Netflix or Hulu.","very negative"
"Lili","Amazon","Electronics","Great for kids I bought my son a kindle about 6 months ago and it was great.... Until my husband dropped it and broke the screen. So I bought my son another one last week, but I think it might be defective becuz the battery died not fully charge or it takes a super long time to charge, where this did not happen with my last one","somewhat negative"
"Madskillsmike","Amazon","Electronics","Great for a tablet nooby As a tablet noob this was the perfect tablet to start with simple to use and even simpler to understand. I like every thing about it now I want a larger screen.","very positive"
"Trey","Amazon","Electronics","Just don't I honestly didn't care for it. The newest versions of this tablet are by far much better. You have a bit more freedom with it than you do the older version.","very negative"
"Reviewer","Amazon","Electronics","Good for the price Its good for the price. Amazon store is not as huge as Android play store","neutral"
"Mush214","Amazon","Electronics","Alexa is a must need She can put items you need onto your grocery list. You can asss things to your to do list. She can tell jokes, facts, read books, find music, and more","very positive"
"Glory","Amazon","Electronics","great tablet for the kids I love to buy stuff at best buy Most of the employees are great at helping With everything i needEspecially JISSELA","somewhat positive"
"Jay62684","Amazon","Electronics","Love it Best tablet for the money and then some, loads fast, good quality graphics too.","very positive"
"MrsP","Amazon","Electronics","Great tablet for a little kid I purchased this tablet for my little (3) son for Christmas and he loves it.","very positive"
"Alaska","Amazon","Electronics","Didn't like it Downloaded movies for my son to watch and the audio is terrible, you could barely hear it so I returned it","somewhat negative"
"Mosh","Amazon","Electronics","Good tablet for the price I am enjoying my Amazon seven inch tablet. It is fast paced with good graphics and long battery life. The main problem is that the volume is lower than other tablets. Still,great deal for the price.","somewhat positive"
"2719glo","Amazon","Electronics","Hidden fees After buying this tablet for my grandchildren I was going through the initial setup procedure.That's where I was surprised to learn that after using this tablet for a year I would be charged fees to continue with the selected programs I used for a year.Time to take it back to the store. No hidden fees.","very negative"
"SandyDpanda","Amazon","Electronics","Christmas gift Don't know I bought as gift for my nephew, we will see.","somewhat negative"
"Carlos Robles","Amazon","Electronics","Way, way, way overpriced If you actually paid 20 for this adapter, you're out of your mind.","very negative"
"Mijenx","Amazon","Electronics","Ended up returning I bought this tablet for my 4 year old daughter. Too many advertisements. I would rather pay more and not have a single ad.","very negative"
"KimC","Amazon","Electronics","A charge to return!! My old kindle charger works fine - that wasn't clear when I bought a new kindle white. And now you want to charge me 6.95 to send it back. Forget it!! I'll keep the extra charger","very negative"
"Bunnajo","Amazon","Electronics","Great addition to the family Great addition to the home. So easy to set up and use. I love the shortcuts it has provided to my life.","very positive"
"Yukki","Amazon","Electronics","Great addition to home Alexa is for me an amazing product that gives you facts, plays your music, can read to you and do lots more. My family loves this new electronic assistant.","very positive"
"Disappointed","Amazon","Electronics","Device failed after two uses Very disappointed that my Kindle Voyage, purchased in April, failed after just two uses. Went to charge it tonight to take on a business trip and it won't charge, won't reset, etc. Since my Best Buy receipt says I only have 15 days to return it, tried calling Amazon support. Their only solution after over 30 minutes on the phone is to process a replacement which may be a new or may be a refurbished device-- unacceptable to replace a less than 2-month old device with a refurbished one... but, given the poor experience I've had with the Voyage, I'm not even comfortable with a 'new' replacement at this point. Amazon says they can't do anything about a refund because I purchased from Best Buy-- 15 days seems a little extreme in a situation like this with a defective product!Stuck with a $200 paperweight :-(","very negative"
"freddy","Amazon","Electronics","its good its good product but it has a big problem , the battery is the big issue for this device.","neutral"
"butterfly","Amazon","Electronics","Not very happy Doesn't understand anything I ask and not very good at answering questions.I am extremely disappointed.","somewhat negative"
"Robert","Amazon","Electronics","Good as long as it is plugged in to outlet. Kindle is good as long as it is plugged into a wall outlet. The battery lasts a mere 15 minutes as a portable unit. Not happy with this. Takes an hour to charge the battery to 100% yet drains in 15 minutes. There`s something mathematically wrong with this equation.","somewhat negative"
"SuperShopper1","Amazon","Electronics","I Love this Paper White Great Item, I read in the dark without strain and never disturb my wife's sleep, User friendly and durable. I've not been a reader until now, have several books but it's at night when I have time to read but have to have a light on, This has been the Game Changer. Two Thumbs Up!!!!","very positive"
"Ltash","Amazon","Electronics","Love it I love this product. It is exactly what I was hoping it would be.","very positive"
"RLCassidy","Amazon","Electronics","Decent It is a nice, cheap, small tablet to keep around for vids, Fire TV remote, etc.","neutral"
"shellbelle","Amazon","Electronics","Started out great We started out great. We had a great thing going. I loved her, she was easy on the eyes, and looked great in any light. Then 7 months into it, I could no longer turn her on. I tried the reboot with no luck. She is still under warranty but that doesn't matter because Best Buy's return policy stinks. If I do try to replace her, I will not buy it here.","very negative"
"tbandit64","Amazon","Electronics","Great product Smaller version but works great just like the bigger product.","very positive"
"Tbaby22386","Amazon","Electronics","Great tablet for kids ... This product is great for children. Easy to use and very inexpensive. Allows for enough storage and very durable!","somewhat positive"
"SA777","Amazon","Electronics","Great Choice Best Reader ever. I've had a lot of Readers like Paper white 2013, Kindle DX, B&N nook and Kobo Aura HD before I get Kindle Voyage. But this one is really different.The only feature that I wish it'd support is memory slot! I guess Amazon will add it to the next generation of Kindles as well as Kindle Fires...","very positive"
"Mohammad alshehri","Amazon","Electronics","Five Stars Good charger","very positive"
"ITHK","Amazon","Electronics","Amazon Fire still have ways to go It was a cheap tablet just for kids to watch movies. However, it forces you to put your credit card numbers to register the product. I don't want to since kids will be playing with it. I don't want them to be able to purchase apps without approval. Reset it to factory default, but the setup changed not the same as first started. Anyway, I won't but it again.","somewhat negative"
"LorLor","Amazon","Electronics","Friggin awesome I love the ability to just say what song I want to hear and Alexa plays it, or stops immediately when I instruct her to. The jokes and pick up lines are a crowd favorite as well.","very positive"
"4PokeFans","Amazon","Electronics","purchased without research unimpressed Found out after having had opened and tried programming this awesome alexa that basically nothing comes with it. It's a listening device in my home that won't do anything unless I pay more into Amazon. The fact that I synced my pandora account is pointless because I have to spell out what I want Alexa to play by saying, Alexa play 'X' station from my pandora play list. How is the rest of my family suppose to know what to request when I am the only one who knows my pandora play list (and barely at that!) I have many complaints, and basically disappointed in my purchase. I was lead to believe this was the radio of the future. It is if I pay for the Amazon Music Unlimited monthly.","very negative"
"Cysco","Amazon","Electronics","No freedom here Found this tablet to be very intrusive with adds, almost forced to use credit card to make things work.","very negative"
"dbaron","Amazon","Electronics","I do not like this tablet. Period. I do not like this Tablet one bit. It has to be registered with Amazon for it to function and it failed every time. I finally had to resort to calling Amazon's customer service, also not an easy task, to get it registered. There seems to be glitch in the programming, because when it failed again, I had to follow the same steps all over again to get it registered. I would highly recommend skipping this tablet and getting one that is not tied to any one company's operations, programming, or software.","very negative"
"Amys","Amazon","Electronics","Not so great It broke so quick. You get what you pay for honestly.","somewhat negative"
"MYREVIEW","Amazon","Electronics","kindles are great I have a couple kindles so got this one for my mom to replace a tablet I had got her last year. I didn't realize it was smaller than mine but that was my own fault. Works as expected!!","very positive"
"RJ42","Amazon","Electronics","Rip off 20 for a 5w, 1A wall charger! That deal is right up there with the 30 Hdmi cables best buy wants to sell you.Here is what you do, find an old cell phone charger laying around somewhere that says 5W, 1A(1000mA ) and use it. You can safely use up to 5.25 watts and anything between .5 and 1 amp (500mA-1000mA).If you don't have an extra cell phone charger lying around just buy a well reviewed power adapter with the above specifications that connects to your Kindle (micro USB). They can be found for under 10 locally or through Amazon.","very negative"
"Mrsgibson","Amazon","Electronics","Great for books that's about it! Was not a fan of this product Browsers are extremely slow","very negative"
"Susan","Amazon","Electronics","Fun item Love Alexa. Dependent upon good wifi. When it works it is a great item.","somewhat positive"
"Firesout","Amazon","Electronics","Too slow for browsing I think I downloaded 6 new apps. I wait to surf the web. This thing is so slow to respond. My old refurbished iPad is better. I really only bought it to stream Hulu and Netflix. I'm not excited about lighting up the home screen to find advertisements every day, but I guess you get what you pay for. I wanted inexpensive, I got it! Don't buy this if you are used to using quick responding electronics.","somewhat negative"
"Auntie","Amazon","Electronics","Works good this was a christmas present, for the nephew works good, he loves it","somewhat positive"
"katmat","Amazon","Electronics","I really like the Echo I have to admit, I have not used the Echo has much as I should. But anytime I use it I really like it. I simply forget to use it. What I do like is using the timer.","very positive"
"Peterchrd","Amazon","Electronics","Great tablet For the price this does a lot. Purchased as a gift for my mother who is in here 70's. She loves that she can play her games and download books to read when ever she wants. Great value.","very positive"
"Ilario","Amazon","Electronics","Nice but problematic This is a good tablet for children and adults too. However there is an issue with the port and charger cable. We did not even have this tablet 3 weeks before it would barley charge. Took it back to best buy and they said they could not fox it, and imagine the port is not covered under the manufacturer warranty. So now I have a tablet that takes a couple days to charge. Its really frustrating.","somewhat negative"
"Lupita","Amazon","Electronics","It was a gift for my husband We are all taking advantage of my husband gift.. very useful.","very positive"
"Nicky","Amazon","Electronics","Not that easily navigated. It is an ok tablet. As I am using it, I lose my page quite often and have to go back to find it again. Also, I lose internet connection or am unable to connect at all. For the money, I find it acceptable but not ideal.","somewhat negative"
"Hope","Amazon","Electronics","Great tablet Great tablet great price no complaints definitely great.","very positive"
"Reese","Amazon","Electronics","Room for improvement This tablet conked out on me the first day I powered it on. The Amazon symbol came up and never went past that screen. I was highly annoyed because I purchased it as a first to send it out of the country. My biggest mistake was trusting that everything would work fine, instead I should've powered on the device to ensure everything was fine.","somewhat negative"
"Nkane40","Amazon","Electronics","You get what you pay for I was really hoping for this to take place for my phone with my kid. It did not. It works decent to stream videos.","neutral"
"Brad","Amazon","Electronics","It's ok. It's nice to have parental controls, but app grouping and bugs with apps hurts the experience. Parents will still need to look over child's shoulder to ensure games/apps are appropriate. Battery life is absolutely terrible.","neutral"
"Tan01","Amazon","Electronics","It's good for my niece who's 7 It runs pretty slow. I wish it ran a faster then it would be great","neutral"
"SMcC","Amazon","Electronics","Similar to iPad but has defects Works well but after memory builds it starts acting up. Shuts on and off randomly. But for the price it's ok.","neutral"
"michele carullo","Amazon","Electronics","beware of it not doing what is advertised and wasting got this newer charger as it was indicated to charge faster than the one that came with my fire hdx 8.9 4th generation tablet. well i am currently using this new charger and am getting alerts on the fire tablet that i am hooked up to a low power charger it is plugged directly into the wall socket with the 5ft micro-usb cable i also just bought for it. this is not right. is it junk is it false advertising is the fire tablet wrong in its notification what is the deal amazon. i have been a loyal user but this is really not right.","somewhat negative"
"Fkandra","Amazon","Electronics","Excellent Alexa is great. We use it all the time and it loaded with information from traffic to weather to store locations hours etc. The more you use her the more she does","very positive"
"kowalkob","Amazon","Electronics","Paperwhite kindle is like holding a book! Paperwhite kindle is great...especially when reading outside in bright light (like at the beach or in the backyard patio)! This is the main reason for getting it. No glare!","very positive"
"Diehard2","Amazon","Electronics","Works Great Like it a lot. A little difficult to learn how to ask for some things. Takes time to get to know correct phrases. Sound is OK, not a boom box.","somewhat positive"
"ReneeEgan","Amazon","Electronics","Great kids tablet This is an awesome tablet for kids. Love the versatility. This is our 2nd since our older son loved his, we felt his younger brother needed one too. The charger is horrible though. Does not charge well at all. Returned the first kindle thinking it was the tablet. After the second had problems charging, I tried my husbands galaxy charger and it fits perfectly. Then we bought this one. Same problem. The charger that comes with the kindle simply does not fit well and give it a good charge. All 3 tablets had the same issue. I have also spoke to other parents who have experienced the same issue. So in summary, the tablet is aweosme. The charger is awful.","somewhat positive"
"Katie1117","Amazon","Electronics","Great tablet for the price. Happy with the purcase. Gift for my mother in law.","somewhat positive"
"Dominique","Amazon","Electronics","Great for my sons therapy My son uses it in his therapy to track his program. It is the perfect size.","somewhat positive"
"kabuki07","Amazon","Electronics","Great device My daughter loves it. She can make her videos and listen to her music.","very positive"
"mrdodgercazul","Amazon","Electronics","Awesome Tablet I Love this tablet its Awesome and way Cool I highly recommend this to anyone Great price","very positive"
"Linus","Amazon","Electronics","Can't beat a Kindle if you are a reader This is my second Kindle. And again bought just a basic reader. For the convenience, choice of reading materials, comfort of reading, a Kindle can not be beat.","very positive"
"mickey","Amazon","Electronics","cant reed at night i cant at night it has no back light from one to ten its a 7","somewhat negative"
"AmyLeigh","Amazon","Electronics","Stay away Worst product ever. Constantly screwing up and filled with ads you have to pay to remove. Best Buy refused to help when I wanted to return it","very negative"
"Jizzle","Amazon","Electronics","Tablet for kids It's a great tablet for my kids at their age. I recommend it to anybody looking for one.","somewhat positive"
"Linda Komisarek","Amazon","Electronics","Unreliable hardware The charger won't stay securely connected to the Paperwhite and wiggles. It will only charge when held at a particular angle.","very negative"
"NursingAngel723","Amazon","Electronics","Good starter tab for a small child Very hard to set up child profile without paying for a subscription to freetime. Once I got it finally set up though, runs smoothly, but battery doesn't seem to last very long.","neutral"
"1234","Amazon","Electronics","Weak wifi The wifi would drop often to where I could not listen to Spotify or other services without buffering.","somewhat negative"
"Curtis","Amazon","Electronics","not satisfied There is not enough battery life to read comfortably. 7 hours, maybe.","somewhat negative"
"GR33N5","Amazon","Electronics","Great for the price Very versatile and can be great for kids & adults.","somewhat positive"
"Mcgraw","Amazon","Electronics","Good addition for music and information. Good for music and various information.Hoping the company continues to upgrade the technology so you can get directions and search for things on the internet.","somewhat positive"
"Redtop","Amazon","Electronics","Great Screen on Tablet The Amazon tablet series has come along way since it first came out. The screen on the Fire HD 10 is stunning. Clear and easy to read. If used to android apps though, may be disappointed that some of your favorite apps will not be available on this tablet.","somewhat positive"
"Tport","Amazon","Electronics","Not the best tablet Based on the price it is easy to see that this tablet is not something that will knock your socks off but is good for children that like to read books.","neutral"
"Manny","Amazon","Electronics","I do like it, But needs work This product is fun, but it does not understand a lot of your questions. It is not a user friend item. So it is limited to very few things it can do. For the money, it needs a lot of work. I was expecting more. But it is a toy to have.","neutral"
"tb32","Amazon","Electronics","Mediocre This tablet is good for kids but the battery life is not very long.","somewhat positive"
"Tash","Amazon","Electronics","Awesome! Great price, used for my 6 year old daughter on a 12hr drive from texas. kept her busy. used mostly for games.","very positive"
"AC118","Amazon","Electronics","Portable Alexa The latest software update included hands free mode. So this can do everything that the stationary Echo speaker does, but is fully portable. Personally, I don't want the device to record everything I say all the time, so I only use the tap mode. The sound quality is good for a speaker of this size. This is especially a great choice if you have a mobile hotspot with unlimited data. You can now bring Alexa on the go.","very positive"
"DeDe","Amazon","Electronics","It's ok I am disappointed that this is not more toddler friendly. It is a kindle inside a kid proof case. You have to set up child locks, etc. My biggest complaint is most of the games that are available you have to be connected to the internet. I wanted something to take to church, in the car, etc.","somewhat negative"
"Kemo","Amazon","Electronics","Ok It is a nice little tablet for on the go or for kids. Wouldn't recommend using it for work","somewhat negative"
"R. Black","Amazon","Electronics","Quality looks fine as well Purchased this for my kindle and it does what it's intended to do. Quality looks fine as well.","very positive"
"lizyoung19","Amazon","Electronics","Echo Wasn't what I thought it would be. Not a good investment.","somewhat negative"
"BBGUN","Amazon","Electronics","Decent for the price Works fine for a $50 basic tablet/reader. Other functions, not so great. Very entry level.","neutral"
"Kellyt","Amazon","Electronics","Lovelovelove Bought this for my husbands birthday. We both use it everyday for news weather and store lists. Awesome for playing music too. Highly recommend","very positive"
"Kubli","Amazon","Electronics","Good streamer Voice feature is really convenient. Fast with little to no buffering. But I don't like that you have to pay for episodes on channels you already pay from Subscribed channels like AMC. Roku doesn't do that.","somewhat positive"
"lovetheheat","Amazon","Electronics","does not perform like advertised Alexa answers maybe 1 out of 10 questions we ask her - she uses Bing.com and it is really bad. Her standard answer is - I don't know the answer to this question. We ask her easy questions about stats or people. We also have a Google home and it answers almost every question right.","very negative"
"paulinhala","Amazon","Electronics","OK It is affordable and it had Increased storage but no backlight and the screen could be better!","neutral"
"Granny","Amazon","Electronics","Great for kids Great tablet but doesn't charge fast take a while to charge have to remove case to charge and I Brought 3 can be a hassle with kids","somewhat positive"
"Tweety","Amazon","Electronics","Firestick I like the $39.99 firestick better. This one does not have all the stuff the other one has and the sales clerk saud that it did.","neutral"
"N123","Amazon","Electronics","Good purchase A well worth purchase. I got this for my brother and dad for Christmas and they loved it.","very positive"
"Vinny","Amazon","Electronics","It's fine for a child or light use As one would expect, this is fine for what it is. A $50 tablet. Better than other $50 tablets on the market. Quicker and more stable. If you're looking for a tablet for a child or for basic surfing and YouTube clip watching it's fine. Apps are limited compared to the google play store.","neutral"
"Jamie","Amazon","Electronics","Easy to Use The overall design makes it fir very nice in the hand. It is very easy to setup and has features that I did not utilize on previous Fire tablets. I like the camera and the Blue Shade ability. I like to read before bed and the color really does help me wind down. Long lasting battery!","somewhat positive"
"Motorcop","Amazon","Electronics","Sadly disappointed I purchased the Amazon Fire TV after owning the Roku 3 for a year and after trying both the older and the newest versions and Apple TV. I am a Prime member so this seemed like a perfect choice. However, the remote is very unresponsive, disconnecting more than it stays connected. The menu layout is very ad-centric and pushes you towards how Amazon wants you to view their service. When the remote works, the Amazon TV seems sluggish in comparison to the other products I tried. After several hours of fighting with the remote, I decided to return it and get another Roku...possibly the version 4. Good try Amazon, but far from being close to either Roku or Apple TV.","very negative"
"BigV129","Amazon","Electronics","My daughter loves it! I use it to keep her busy with educational games and she loves being on it!","very positive"
"The Plainsman","Amazon","Electronics","This thing is garbage! Do not buy This thing is garbage! Do not buy! It is the slowest charger I've every had. It is NOT a fast charger. It is a disgrace that Amazon is offering this product as a fast charger, and discontinued the previous all black square, blocky fast charger which really was a fast charger. This thing is NOT a fast charger. Save your money. Amazon needs to seriously check their supplier, the manufacturer of this junk.Advertising this thing as a fast charger is totally deceptive.","very negative"
"Nysr","Amazon","Electronics","Not good Picture quality is not good. I don't like this product","somewhat negative"
"wndll","Amazon","Electronics","A physical commercial Bought these for my kids for the holidays. No you tube app installed, so you have to find a 3rd party substitute. Ads pop up all the time, with an option to remove them for $15. Amazon states that since I purchased the tablet on sale for $15, this is how they can afford to compensate for that revenue. I would have returned them had we been able to find the receipt.Maybe a good product, but not for us.","very negative"
"Djean","Amazon","Electronics","Not for those who wants to read free ePub books I bought this tablet to read Free Epub books that I have, but it didn't allow me to even look for the books, so I have it returned and exchanged for a cheaper one that still does a better job for those who wants to read free Epub books","somewhat negative"
"Boots","Amazon","Electronics","Transfer library books via USB I purchased this ereader because it stated you could get library booksvia USB cord (and Wifi if you are near one). I do not have Wifi andthe USB would not transfer. Tried everything, neighbor tried, readinstructions, viewed YouTube. But it wouldn't work. Took it back but it was beyond 15 days and they would only give me credit. I then upgraded to Wifi 3g and that better work for the extra money. Very disappointed as I felt I had no other choice.","very negative"
"grandma4","Amazon","Electronics","Light weight I like the light weight and enjoy reading out side again","very positive"
"Sylvy","Amazon","Electronics","Good I recommend this item and it works great. Go for it.","somewhat positive"
"Adam","Amazon","Electronics","Great for Reading at Night I bought this primarily for reading at night without a nightlight as to not disturb my wife. It has been perfect for that and normal reading conditions. I was nervous to move away from actual books, but it has not been as bad as I initially thought.","very positive"
"lgbrit8","Amazon","Electronics","Good but slow The tablet is nice but the internet source takes forever to load so it is just easier to use a standard computer or phone to surf the web or get on Facebook, etc.","neutral"
"AK58","Amazon","Electronics","Best for an adult I bought this originally for a younger child to download apps for learning for school and for a few games. It works well, no issues with that, but it is a little harder for him to navigate. From my standpoint, it is smooth and operates the way I expect it.","neutral"
"Sanket","Amazon","Electronics","Perfect for kids! I like the covered protection it has and also it comes with 2 years replacement so no need to worry. It has fire os so apps won't be much but there are enough apps for kids .","very positive"
"Amazon Customer","Amazon","Electronics","One Star Pretty dumb that you have to.buy a charger port","very negative"
"Alleycat","Amazon","Electronics","Good for kids Affordable tablet for kids to use. Great deal!!!!!!","neutral"
"RichinWoostah","Amazon","Electronics","Acceptable for the price Love everything about the unit except that it gets hot when used for 10 to 15 minutes. Hope it doesn't burn or explode.","somewhat negative"
"Urban","Amazon","Electronics","I love it I like the ipad its very helpful my son has learned alot and i hope that it will help other kids too as they prepare for pre k","neutral"
"Sailor0411","Amazon","Electronics","Battery Port Sucks The kids were loving these as Christmas gifts but here we are 6 months later and the battery charging port barely even works. We have to hold the charging cable at a certain angle for it to even charge. I wasn't expecting a super long life out of these tablets at $39.99 a pop but should've lasted longer than 5-6 months. Very upset with 4 sad kiddos.","very negative"
"GaryB","Amazon","Electronics","Not What She Wanted My wife wanted an iPad. I bought her this because it was cheaper and good for reading and playing games. She uses iOS products so it's not compatible. She hardly ever uses it. Next time I'll get what she wants and not waste my money.","somewhat negative"
"Peacockmorgan","Amazon","Electronics","POOR QUALITY I bought this tablet for my son and I don't like it. The touch screen is very poor quality. It's hard to move things around on it when he is playing a game. He prefers my iPad than to use his own. I know the iPad quality is probably the best quality but it's way under that! Very frustrating. Will be returning it.","somewhat negative"
"guyfromage","Amazon","Electronics","What a piece of junk Except unlike the Millennium Falcon this doesn't have it where it counts. Software is a mess. I didn't expect much from a $50 tablet but man was it painful to use.","very negative"
"Tasha","Amazon","Electronics","An ok tablet The tablet periodically shuts off for no reason. I have contacted Amazon but their only suggestion was to reset to factory default.","somewhat negative"
"Mike","Amazon","Electronics","Amazon tablet Tablet had trouble from the begging it kept restarting and rebooting I had to return it.","somewhat negative"
"disapointed","Amazon","Electronics","REQUIRES BUYING many things including space Didn't know you had to buy space and many other things for this item to work.","very negative"
"farmer12","Amazon","Electronics","games are challenging I enjoy the games and Internet access on the Amazon tablet.","very positive"
"Scooter","Amazon","Electronics","Not As Expected As a charger, it works but is nothing special. With a Mk 1 Kindle Fire, it doesn't seem to charge any faster than the standard charger. And NO CABLE is included!! A Kindle-specific cable must be purchased separately! This is not mentioned in the descriptions.","very negative"
"Mrcool","Amazon","Electronics","Operating system. Wasnt really impressed with the operating system. Was hoping it was more of android style. Not so much.","somewhat negative"
"Michael","Amazon","Electronics","Terrible I bought this because I have ebooks in college. Not only could I not get my ebook. I called the school IT department. They could not either. My semester was already started. The sales representative at the store told me this is what I needed. I ended up buying a tablet from my phone carrier and my ebooks were right there in less than 5 minutes with the schools IT department help.","very negative"
"TonyD","Amazon","Electronics","Good working tablet This tablet has been very satisfactory in functionality. Good cushioning on the outer case (better than another tablet I had purchased previously), still pictures & video are pretty good. No problems with accounts, parental controls & wireless connection. Overall a good tablet for kids.","somewhat positive"
"njsurfer1970","Amazon","Electronics","Nice tablet for a beginner !! It's a nice fast table with upgradable memory. App store provided by amazon is ok limited good apps. It's not google or IOS store but still ok. Screen resolution is great in HD streaming work really well. I recommend this tablet because it is also easy to hold, very thin and light.","somewhat positive"
"Grandmato5","Amazon","Electronics","Great size for reading I had an older Kindle but it got a virus. The only thing I have against this one is that it gets very hot. Best Buy did not carry covers for it.","somewhat positive"
"Olmanots","Amazon","Electronics","Great for Amazon Prime members only As an Amazon Prime media consumption device it can not be beat for the price. If you are not a Prime member don't bother. Put the fifty bucks toward an iPad which can't be topped for a media device.","very positive"
"ShayEric","Amazon","Electronics","Excellent I enjoy it. It's gray for reading and working out.","somewhat positive"
"LuanneKM","Amazon","Electronics","loved it was a great purchase. loved the color and the camera feature","very positive"
"Kindle Customer","Amazon","Electronics","Device does not seem to be charging my Kindle - maybe its broken I bought this charger Nov 28 2015. It's now Jan 1 2016 (a little over a month later) and the device doesn't charge my kindle any longer. I have the kindle shutdown and allow it to be plugged in for multiple hours. After I take the charger off and start to use my Kindle within 30 minutes I see the Low Battery message. If I use the charger that came with my Kindle for the same amount of time I don't see the Low Battery message as quickly as I did with this charger. Not sure what's going on but makes me think I have a faulty device -- costs a lot of money for something that doesn't work any longer than 1 month","very negative"
"Chris","Amazon","Electronics","Solid reader with extra functionality This is my 3rd Amazon tablet. Excellent reader. I read about 100 books a year so the tablet coupled with the Amazon service makes for an outstanding combo","somewhat positive"
"MinecraftSweeper","Amazon","Electronics","Nice All Arround Tablet Currently this is the fifth version of the Kindle Fire that I purchased since they came out. Purchased this one due to its ability to maximize storage with a SD card unlike the other ones I have. It seemed to not run as smooth as my Kindle Fire HDX once I started adding apps to it which is not a problem for me since I use other tablets for that. This was mainly purchased to download shows and movies from Amazon Prime to watch offline.","somewhat positive"
"SpedaleJr","Amazon","Electronics","Does the job Got 3 of them, great cost for what you get. My kids are down to only one left. Killed 2 of them sadly. Setting up can be a pain. Kids keep asking to add more apps. You have to delete the old to add more. I'm starting to dislike them more then the kids like them.","neutral"
"KeKe","Amazon","Electronics","Poor I would never buy another Amazon product personally. It works well but I'd rather use the rca over this. Personal preference has nothing to do with quality","somewhat negative"
"zimnel91","Amazon","Electronics","Nice tablet for under $60.00 The tablet works nice for reading and surfing the internet. It also has decent choice of games to download from Amazon. It also plays video decent, but the resolution on the screen on the screen is a little lacking, It is not an iPad Air, but as a basic tablet it functions well for the price.","somewhat positive"
"Toshalee","Amazon","Electronics","So disappointed doesn't play Netflix So I bought my little guys these tablets... so that I could repossess my IPad. Love the free time app but who could've imagined they wouldn't play NETFLIX!! So now... I'm out the money for the tablet and still don't have my iPad back... and yes, I called Amazon numerous times... they work after the fix, but the next time they go to use them they don't work again... the fix takes several minutes as it's force stopping the app, clearing cache then doing a hard restart... then you have to wait to restart Netflix.... oh and sometimes you have to do it numerous times before it works... if it works at all...","somewhat negative"
"kindle","Amazon","Electronics","kindle fire This is my 3rd kindle and my last-i'm moving on to something better!For me -following all packaging insert guidelines-they only lasted a year at the most.","very negative"
"Preston2","Amazon","Electronics","Great product! Great quality and easy to use! Can't beat the price either. We bought two of these and a little over a month ago and they operate very smoothly. We use them for streaming shows, movies, playing games and surfing the net. I have nothing negative to say about this product.","very positive"
"Bestgift","Amazon","Electronics","Gift It was a nice gift to give for the price.the person looked it to add to rest of Amazon products.","very positive"
"foxtrtr","Amazon","Electronics","Ok tablet If you're just going to read and play a game or two, maybe surf the internet a bit, this is an ok tablet. But if you are a heavy user, I'd tell you to pass on this tablet because it won't keep up with your surfing/games/e-mail.","neutral"
"darkangel","Amazon","Electronics","Very good hardware, fast. Like the hardware. Both box and the remote control is very aethetic and nice to use. processor is fastest by the time I bouth it and still fast enough for my system. Liked that I could install android apps.I wish they implemented NTFS for the microSD card file system. It is limited to FAT32 that limits a file size less thn 4GB. No power off switch is another bummer. But overall I chose this over Roku 3 (or even 4).","somewhat positive"
"floridapete","Amazon","Electronics","Amazon Voyage dead trying to update software My Kindle Voyage is nearly 16 months old and worked perfectly. I kept receiving emails from Amazon about the software update. I switched off airplane mode, switched on wifi and shortly after the screen locked up. I have tried everything with customer support and they now tell me I will have to buy a new one. I am very annoyed. If I had left the software as it was my Kindle Voyage would still be working.","very negative"
"Smith","Amazon","Electronics","Great item We love the Echo. You ask it questions and you will get an answer","somewhat positive"
"23simply","Amazon","Electronics","Nice product She is like my personal assistant, but I wish she is as smart as Siri... but since there is no one else like her, she will do for now.","neutral"
"Girish","Amazon","Electronics","Average The usablity wise good but install the Google store is messy","neutral"
"MartiAn","Amazon","Electronics","A good cheap tablet. I bought this as a gift to my parents. The unfortunate part was that I was a little misinformed about the connectivity between the tablet and a chrome cast that I purchases as well as part of the gift. The tablet is not compatible with the table and that was a little disappointing. Other than that, it's an alright product.","neutral"
"Kindle Customer","Amazon","Electronics","Two Stars It was doing a great job charging my kindle, but now it takes almost all day to charge.","somewhat negative"
"Snoop","Amazon","Electronics","Not bad You really can't go too wrong with this purchase because of the price. Works very well, but don't expect iPad quality. Does everything I've asked of it, but some web pages are harder to read partially because of it's small size (which can be handy) and it's lower resolution. It's a good second tablet and is better watching a movie on, then a smaller phone. Can throw it in a small travel bag and not feel you have to be quite so careful with it as you might be with a more expensive tablet.","somewhat positive"
"Maorosz","Amazon","Electronics","It's no iPad, but useful I bought one of these on Black Friday on impulse since it was $34.99 and I had a $5 certificate to use. I have a third generation iPad and am quite accustomed to using it and the App Store.Pros: OS is Android based and not too hard to pick up compared to Apple. I did find versions of a lot of favorite apps and games to download. It can take up to 128GB microSD card for expanding storage (only 8 GB built in). I got a 64 GB class 10 card at Costco for $20.Cons: screen resolution is only 1024 x 768, but I can't say it's super noticeable in normal use. Not all apps available even if an Android version exists. Much more useful if you have Amazon Prime as it ties directly to an Amazon.com account, and In fact you have to register the device before you can do much of anything on it. Battery life is not impressive either, with standby time in particular not great.For the price, it's a handy spare internet connected device. I'm not one to buy Kindle books, but the ones I do have are certainly easy to access and read.","neutral"
"BlackMoon","Amazon","Electronics","Just ok It is just an average tablet. Bit slow but is a good option for people on budget","neutral"
"Kendra713","Amazon","Electronics","Not too happy with this Amazon Fire tablet. I wanted a small tablet to read news and watch videos. I have Amazon Prime, so I figured why not, it is really cheap. Well, I believe you get what you pay for. This fire tablet froze on me, when I only had one thing open. I am very disappointed. It also is very slow when you rotate the screen. Ugh! I will be returning it.","somewhat negative"
"BigO","Amazon","Electronics","Poor charging Prior to using the device I decided to recharge it to 100% and was shocked to find out that it takes 6 hours. Unless you have a lot of time don't buy this device.","very negative"
"OBU86","Amazon","Electronics","Dead/Stuck Pixels Galore! I didn't expect a lot at this price, but I also did not expect both of my tablets to be riddled with dead/stuck pixels right out of the box. I have a third arriving in the mail and am just praying that I am at least good for 1/3. Waiting on its arrival before doing the trip for return/replacement just in case that one needs to go as well. Maybe just bad luck, but definitely worth noting for anyone who may also be inconvenienced by having to do a return.Everything else seems good though when you can look past the display issues, but may be worth waiting until these defective lots have been disbursed and the issues have been corrected.I am sure if you don't have these display issues that the product deserves more than 2 stars, but if you can see things from my perspective it is kind of difficult to recommend this to anyone for the time being. If the display did not have these pixel issues I could see this easily being a 4 Star recommendation. If you do a little research you will see that there are definitely some lot numbers that are more problematic than others, so this is not just a rare incident. If it is for you and you plan to grab one from a brick and mortar location, do yourself a favor and just boot it up before you drive home. :)","somewhat negative"
"Rocky","Amazon","Electronics","great tablet for kindle users if you know the workarounds of the amazon kindle environment, this tablet is a good choice. cheap, lightweight and the expandable memory are the best features.","somewhat positive"
"Jenny","Amazon","Electronics","We love Alexa! It is awesome to be able to address Alexa and ask her to do things like play a song or turn on the lights while my hands are wet or I am busy.","very positive"
"Danielle","Amazon","Electronics","Small screen for books and videos The tablet itself was nice, but the screen was to small for books, videos, and minecraft.","neutral"
"Sundown","Amazon","Electronics","Not bad Works fine for what I wanted it for. Using as a remote for my home automation and entertainment system","neutral"
"Sunny","Amazon","Electronics","Good tablet for reading and internet The Kindle I purchased is a good and expensive tablet useful for reading and internet. It does have a lot of apps already loaded that I do not plan to use and do not know how to delete. I mainly use the Kindle Fire for Facebook and occasionally get on the internet.","somewhat negative"
"Scott Hanel","Amazon","Electronics","It DOESN'T Work My adaptor doesn't work. Maybe I'm doing something wrong but there are no instructions. It looks pretty simple. So it just simply doesn't work.","very negative"
"FirstTimer1","Amazon","Electronics","Great tablet for the money It's okay for a beginner tablet to me. Not enough apps for purchase. I like the play store better.","neutral"
"BillBoB","Amazon","Electronics","For a child They make a great child proof cover and the battery life is descent so far","neutral"
"Cyndy","Amazon","Electronics","Love the kindle paperwhite! It is a joy to read. I love the nonglare. The size. Everything about it.","very positive"
"Workingmom","Amazon","Electronics","Disappointed I picked this up on Black Friday and ended up returning it the following week. This may be greater for an e-reader but can't replace a tablet for emails / amazon shopping.","very negative"
"Steve0001","Amazon","Electronics","Great for people new to tablets I got this around the holidays and I'm happy with the quality of the image and videos. You may be just fine with not having as Amazon Prime membership and just use it for light web browsing. The screen gets easily smudged but for the price, it's a great value.","somewhat positive"
"Tabby","Amazon","Electronics","Great tablet for price Very easy to use. price is great . Very fast . My grandkids use it by them self. Videos look very good","very positive"
"Kindle Customer","Amazon","Electronics","This one isn't as sturdy as the origami case and slides so that my ... I only bought this because you can't get the origami case in this size. This one isn't as sturdy as the origami case and slides so that my kindle falls down a lot :(","somewhat negative"
"Camster","Amazon","Electronics","Well Made This product is well made, durable and reliable. I have had good experiences with this manufacturer. I recommend this manufacturer and this particular product. This product does exactly what I need it to do. Super easy to use. I have used other manufacturers in the past but have not always been satisfied. I am happy with this product.","neutral"
"gstwt","Amazon","Electronics","No FOX sports network (FS1) without a paid cable Basically has almost the same content as a Roku 3 would provide, but in a much more clunkier menu. I can get a better Amazon menu layout via the Amazon app on the Roku 3. Also for those that were hoping to pick up some extra football via FOX sports network (FS1), that is not happening. You can add the channel free, but in order to watch any content you will still need a cable or satellite subscription which defeats the whole purpose of adding the app for us cord cutters. There is NO way I am signing back up for cable or satellite. I wish FS1 would get with the program and offer a separate subscription such as HBO and Showtime do. It's a thumbs down for me.","very negative"
"Matt","Amazon","Electronics","Can be slow I was really hoping that this would be faster than some other inexspensive tablets I've had. I mainly use it for email though and it does the job.","somewhat positive"
"bryren","Amazon","Electronics","DOES WHAT IS SAYS IT WILL DO The best part is it keeps learning. I use it a lot for my hue lights and separate radio from my Sonos","very positive"
"Susan","Amazon","Electronics","My new best friend! With skills too numerous to count, and more being added all of the time, the Amazon Echo is the most useful and used electronic in my house. The sound quality is excellent. Alexa always answers when I call, does what I ask, is always pleasant, and never asks for money! My new best friend!","very positive"
"Emeril","Amazon","Electronics","Awesome devise & easy to use Great product & price, especially for gift giving (especially for children).","very positive"
"jaygee","Amazon","Electronics","very nice reader love the fire 7, perfect size, very light, i have it with me all the time.","very positive"
"theonlyrealmj","Amazon","Electronics","Great for the price This is a great low end tablet and it is sold at an amazing price.","somewhat positive"
"Brent","Amazon","Electronics","Decent, don't rely on the TV comercials... Alexa is great when asking about the weather, or when wanting to play some music quickly. However, majority of the questions I ask it cannot find. I think that the questions are pretty simple too. She will answer questions with direct answers like whats 2+2 but if you go much further she wont respond.","neutral"
"easyg","Amazon","Electronics","Kindle Fire Bought this one as a Christmas gift. Employee was very excited to receive and still loves the tablet.","very positive"
"Tonyrome","Amazon","Electronics","it's just ok for a tablet it's just ok for a tablet, it doesn't have google play store of course which limits a wide variety. I would think by now they would offer most of the play store apps but nope. It's slow and browser doesn't load pages with flash or graphics good. poor camera. but it functions ok for a cheap tablet. i didn't expect a lot, but did expect better from kindle.","neutral"
"ChrisHG17","Amazon","Electronics","Simply doesn't work. Feels cheap Bought the fire TV excited about the 4K support. The first night it refused to load video content. I could only stream music. Now it refuses to load at all. It has completely stopped responding to the remote. Remote feels cheap.","very negative"
"Amazon Customer","Amazon","Electronics","Stay away. It is included. Do not pay attention to their ad. It says the plug is not included with the kindle and it absolutely is. If they lie about this sort of thing what else do you think the lie about. Steer clear these guys are rip off artist.","very negative"
"Froggie3","Amazon","Electronics","bad it is not free everything . have to pay and had return it to best buy store . wish free everything without cents . sorry","very negative"
"rabbit","Amazon","Electronics","Fits perfectly in my hand I wish it has some more of the apps from the play store some are just not there","neutral"
"jujy","Amazon","Electronics","Great for kids I bought this tablet for my son (10 years old) and he loves it perfect price and size for him... With Amazon's underground app store he has almost unlimited amounts of free games he can download and also movies with the external storage is perfect.","somewhat positive"
"Calvodos","Amazon","Electronics","Great for the $ Slow and has issues recognizing the sd card. I have enjoyed it however.","somewhat positive"
"reviewer1","Amazon","Electronics","AmazonFireTV Easy set up but did not meet my needs of being able to access Spectrum app. .","somewhat negative"
"KindleFireIsJUNK","Amazon","Electronics","SPAM Edition SPECIAL OFFERS means there are popup ads when you turn on the Kindle for games and books. I called amazon and they want me to pay $15.99 to turn this off! I am returning this and buying another brand of tablet. I am DONE with amazon they will never get a dime from me!","very negative"
"Ray31","Amazon","Electronics","This thing is cool I love the voice command and online resources !!!!","somewhat positive"
"Mickyfinn","Amazon","Electronics","Good value but Good unit. But i have to reconnect the wifi often when using netflix","neutral"
"Amchatte","Amazon","Electronics","Good package for specific needs The Echo has the best integration in to Amazon for shopping purposes. It also some excellent integration with other smart devices such has Logitech Harmony and Smart Things. However, it is not quite as intuitive as the Google Home device or able to answer as many questions. So, overall, good for home automation. Not so much for asking general questions.","somewhat positive"
"MomPhillips","Amazon","Electronics","Great inexpensive tablet This tablet was purchased as a Christmas gift and our nephew absolutely loves it.","very positive"
"Dwaynevj","Amazon","Electronics","OK for the price, only if you get rid of Amazon's I bought this tablet and used it for two days and felt like returning it. It didn't have play store, amazon' s version of Android literally kills the processor and makes it too slow. Web browsing through silk browser was a pain. It took for ever to load even simple pages like google. Apps were all useless, and the only thing you could do is listen to preloaded music( not streaming music) and read ebooks. Anyway, I changed my mind in the last minute and decided to root it. Installed slimLp and got rid of Amazon's junk, and it made a huge difference. The performance is way better and it actually works like a decent tablet now. It's a great tablet for the price only if its rooted. If you have no idea of rooting or don't like to risk it, its not worth a penny! Its a good buy if you plan on rooting it.","somewhat positive"
"Gwydo","Amazon","Electronics","Smart home Works great with my harmony remote, but she is not very smart. Siri works better for most items.","somewhat positive"
"Sharpvet","Amazon","Electronics","It streams your content Although I had a Roku three that did most of what I needed, Playstation Vue isn't available but it is available on the Fire TV. If you have a prime membership, this is probably for you. If you are one of the people that don't like me, this is nothing but a way for amazon to get you to buy more stuff from them. You can't set the menu's to only show the content that you own and the apps that you have downloaded can't be put first on the list.","neutral"
"Tnay","Amazon","Electronics","Not what I need. I can't update Facebook and a few other apps. It's not what I expected.","somewhat negative"
"AnthonyZ","Amazon","Electronics","Okay sound I returned it because I wanted better sound...opted for a bose soundlink. Decent speaker with nice amazon prime/Alexa features...just not the sound I was looking for.","neutral"
"supashaq","Amazon","Electronics","Too small You get what you pay for. A small tablet, with OK specs. What was annoying about this tablet was the fact that you have to pay to remove offers. You shouldn't have to pay to remove bloatware.","neutral"
"Jen87","Amazon","Electronics","Love it Got it for my daughter and she loves it and I love the child age range usage","neutral"
"suzy","Amazon","Electronics","Not happy with the overall performance of product. Not happy that the product had no instruction book to go with it to help set it up. Not a big fan of the online tutorial. Had a really hard time in powering it off. Camera setting did not take very good pictures. DID NOT LIKE THE MULTIPLE ADS ON IT EVERY TIME I USED IT. FINALLY IT LOCKED UP ON ME AND I HAD A HARD TIME GETTING IT TO GO TO SETTINGS SO I COULD DO ANYTHING WITH IT. Probably will be returning this product to Best Buy.","somewhat negative"
"Tennisgal","Amazon","Electronics","Fair product for the price I looked at the reviews and they varied greatly. I didn't want an electric sharpener, so my choices were very limited. This pencil sharpener is adequate and suits my needs because I don't use pencils very often, but it is very slow and sounds like it's straining.","somewhat negative"
"Leather","Amazon","Electronics","Don't buy Bought two of them first one would not charge after the first day. The second one The screen went blank so I have to return it now only after a couple of days of use. Will not purchase any more of this kind.","very negative"
"122551","Amazon","Electronics","great gift STill learning all that goes with Alexa. I also appreciate the email updates on the product","somewhat positive"
"mir_","Amazon","Electronics","Not Necessary This is exactly like any other usb power charger, making it unnecessary. A basic charger used for an ipod works to charge the kindle fire within 3-4 hours.","very negative"
"tiger","Amazon","Electronics","non functional!!! horrible...just like the other 7 i have owned ONLY due to warranties","very negative"
"PaMaNi","Amazon","Electronics","Basic model with decent features Bought it for this Thanksgiving and for a decent price. Works decently and kids live this.","somewhat positive"
"Matt","Amazon","Electronics","Purchased for my 11yr old son.. This is perfect for him! Bought it as a reader for his books, which we either download from Amazon Prime or the local public library. Nice quality screen resolution, ease of use and durability are a plus.","very positive"
"Also","Amazon","Electronics","Give away Not much need for this thing, good price, but makes one wonder if they were on sale because they really don't do much and it would make a good gift for a youngster just getting started with a tablet. Not impressed at all.","somewhat negative"
"LUCKY","Amazon","Electronics","great for the price co worker told me about this device and the price, so i checked it out and was very happy.","somewhat positive"
"luvelectroniks","Amazon","Electronics","good product for kids Bought 2 of these for my 6 and 8 yr old and it said it came with 32gb storage but actual storage was a little less, cant remember exactly how much probably around 20gb with the other necessary programs that come already pre-installed. They mainly use it for games and have downloaded many games on them. There is room for external storage and it also has a front and rear camera. love the product. comes in different color as well. I got the blue!","somewhat positive"
"Jonathan Stewart","Amazon","Electronics","Should be included Amazon should include this charger with the Kindle. The fact that they're charging us extra for something that should be included is a sign of cheapness. Plus, you can use any micro-USB phone charger instead of this to charge your Kindle. Save your money.","very negative"
"Butch","Amazon","Electronics","Not able to downloan app We bought the tablet for work, but the only app we needed (free) never would download. After many tries and several hours, we gave up and took it back to the store.","somewhat negative"
"Sillybilly","Amazon","Electronics","Ok tablet I'm used to a n iPad so I wasnt impressed with the kindle. I found it hard to navigate","somewhat negative"
"JimBoy99","Amazon","Electronics","Coulda been a Contender... ...but WiFi isn't working great. I have love Amazon Kindles since my first one, replaced it with a 7 Fire HD, then got 7 Fires...multiple ones. Problem is the last 3 work with wifi for a while, then start having problems. Reset wireless modem worked for a while, then hard reset did, now won't work for wifi at all. Will keep trying, though.","somewhat negative"
"Good","Amazon","Electronics","Great I like this product this is a recommended item and I wo","somewhat positive"
"FreiRyder","Amazon","Electronics","Hello Alexa Enjoying easy selection of music and exploring her sense of humor. Have had many good laughs, from interesting interactions. Talk to her daily and my wife does not mind!","very positive"
"skypilot52","Amazon","Electronics","Nice Kindle Wife really likes it. Works great& likes the front & back camera.","very positive"
"JoeyD","Amazon","Electronics","Great for the price Easy setup..and for the price you get a solid company","somewhat positive"
"Tito","Amazon","Electronics","Great Tablet This is a very good tablet to have for reading or playing games.","very positive"
"Jack","Amazon","Electronics","Too difficult to figure out I spent more time trying get it functioning than I did actually keeping this product. After a couple of days and never getting it to understand or follow my commands I returned it to BB. Also it kept trying to sell me products which I really didn’t appreciate.","very negative"
"momof2","Amazon","Electronics","It never worked I'm thinking this must of been a fluke, it never worked. Had to return item but received full refund","somewhat negative"
"chaotious","Amazon","Electronics","Great Bought as a birthday present for my GF. She uses it daily, and loves it.Easy to use, and convenient for those who are afraid to go full touch screen(they prefer buttons).","very positive"
"Decker","Amazon","Electronics","Great Product This thing is awesome. Good volume, blends in with the room and is easy to setup.","very positive"
"MusicMan","Amazon","Electronics","Super Tablet Bought this to do reading and store PDFs. Great if you are a college student that has to read many articles. Good Luck!!!","very positive"
"Kelly","Amazon","Electronics","Love it! This is very nice! The paperwhite is great on the eyes!!","very positive"
"wclewis12","Amazon","Electronics","Great little reader It's a handy little tool to have for reading e-Books.","very positive"
"jasonata","Amazon","Electronics","Ok tablet Cheap functional tablet, slower than most if not all latest smartphones.","neutral"
"sAris","Amazon","Electronics","Very slow processor One of the worst purchases or investments you could make for technology.","neutral"
"Nannyjo","Amazon","Electronics","Grandson loves Bought for my 2 yr old grandson.. and he loves it has a lot of learning numbers alphabet and shapes","very positive"
"kato","Amazon","Electronics","very good tablet for the price this is my first tablet/iphone. It was confusing to learn how to navigate. after a few days of fustrution and watch/reading help sections I figured it out. there are alot of feature and apps I have yet to explore. I use it mainly to read and watch movies at work. I like it very much.","somewhat positive"
"Matt","Amazon","Electronics","It was cheap, but it's not a great tablet I picked this up on Black Friday when it was $30. It seemed like the parental controls would make it good for my kids. I'm not sold. While I can sideload the Google Play store, you can't access anything you download from the safety of the child's account. In addition, 8 GB is practically useless.","very negative"
"Megs","Amazon","Electronics","Great value This tablet is very user friendly. It was easy to use and a great value.","very positive"
"billjw","Amazon","Electronics","price is right price is right easy to read books onlots of apps available","somewhat positive"
"Dana2b","Amazon","Electronics","Fun It is fun for my whole family. It truly improves with learning","very positive"
"jason","Amazon","Electronics","horrible Nothing but problems after a month. Luckily I could take it back and get a credit for the kindle to put towards an ipad. It started off working fine then after a month it started losing internet connection randomly (while the old ipad had no problems). Then it stopped charging, never got past 1%. Tried different outlets, different android chargers. Nothing. Worthless","very negative"
"Wudy","Amazon","Electronics","Gift for my friend I bought this for my friend and I also like its shutterfly coupon. It is wonderful.","somewhat positive"
"Chris","Amazon","Electronics","ok, light weight but like old kindle fire better Still adjusting...had kindle fire and liked the ease of touch for turning pages, definitions and location in book. Paper weight is Much more difficult to maneuver, doesn't seem to be as touch sensitive as the fire. I have to repeatedly touch screen to get page to turn and definition accessibility also takes more work. Also, bookmarking doesn't seem to stay on page.","somewhat negative"
"Scarycarey","Amazon","Electronics","Good tablet for kids Ok tablet...decent size screen & graphics. Was hoping I could mirror my phone to it but it doesn't have miracast.","somewhat negative"
"MSfromSanDiego","Amazon","Electronics","If you can live within Amazon's ecosystem For the money, this tablet is an amazing piece of hardware. Well constructed, good fit and finish, good battery life.BUT putting non-Amazon software on the tablet is a pain, a real pain.I purchased this for my granddaughter and wanted two things, (1) YouTube and (2) Skype. It took about 2 hours to put these two apps on the tablet. In the end, I returned the tablet and purchased an Insignia (BB house brand) tablet instead.","somewhat negative"
"MikeySwift","Amazon","Electronics","Monster Box! 4K, quad core, 4GB ram, USB and MicroSD, voice remote...this box is a monster. Bonus if you are part of the Amazon Prime world...if not, still get one, it runs circles around AppleTV. Plus, these can be modded, if you are savvy enough.","very positive"
"Fievel22","Amazon","Electronics","Good for the price This is a pretty cool little device. Im able to download books through wireless and read them later at my convenience. Only drawback is I wish it had more storage. But for the price, it works good.","neutral"
"Ethanerik08","Amazon","Electronics","Meh After about two weeks I ended up returning this item. It constantly froze and when it was working it was no faster than my fire stick.The voice search was a joke. I'm pretty tied in to the Amazon ecosystem, I love my Echo, but I was disappointed with this device. And for a hundred dollars? No thanks.","somewhat negative"
"jake","Amazon","Electronics","i like the responsiveness Voice recognition is outstanding. Useful for setting an alarm to asking questions on the web.","somewhat positive"
"Chandra","Amazon","Electronics","Chandra Good tablet but you could find a better one in market within same price range. The one thing I don't like is the brightness , it's poor.And amazon could have given a better FaceTime camera., that's really bad.","neutral"
"OkJerry","Amazon","Electronics","Not a fan The constant bombardment of ads when I turn on my tablet is not an experience that I enjoy. I would recommend you buy ANY other than one that runs the Fire OS. For the same price you can get a cheap android tablet and do a lot more with it.","somewhat negative"
"Tj190","Amazon","Electronics","Okay This table is okay for me. But it is great for kids","somewhat negative"
"Henry","Amazon","Electronics","Not good Bad graphics. Ugly design. Good for the price. Not recommended.","somewhat negative"
"jujubri","Amazon","Electronics","love amazon kindle i have bought at least 6 people this kindle it is perfect......","very negative"
"amililli","Amazon","Electronics","NOT THERE YET..... Bought this item with high expectations of its capabilities. It would be extremely lenghty to supply full details, let me just say that technology is not there yet with AI devices like this....","somewhat negative"
"4598","Amazon","Electronics","Great display Bought this for easier reading and it meets my expectations. Great display fidelity.","somewhat positive"
"Dhappy","Amazon","Electronics","Great way to carry a book The screen is easy on the eyes. The light is always just right. Small enough to carry in a pocket or purse. Never run out of something to read.","somewhat positive"
"TIjuana","Amazon","Electronics","Good tablet for a beginner I brought the tablet for my step mom who isn't very familiar with technology. It was easy for her to operate and a great price.","somewhat positive"
"Jacky","Amazon","Electronics","Good product This e reader is very excellent.The screen is a bit small but you can accommodate.","somewhat positive"
"Rusty","Amazon","Electronics","Family loves it. Something the family always wanted. Got it as a gift for my wife. Works good. But occasionally pick up conversations. Not to thrilled about that.","somewhat positive"
"RobS","Amazon","Electronics","Working great love it This was very easy to use and set up and it's fun to have around the house","somewhat positive"
"Rookie","Amazon","Electronics","It's ok i got this tablet for traveling. Just games, reading, stuff like that so I didn't need anything fancy. It works but it lags on games and the battery life is horrible.","neutral"
"7758","Amazon","Electronics","Apps Not easy to navigate and download apps to the device","neutral"
"Herman","Amazon","Electronics","Awesome for light user Wonderful tab. Great for beginners or advanced users. I sugg st a memory chip","very positive"
"JoyL","Amazon","Electronics","Had to return this on Christmas eve day Would not take a charge, good thing i tried before wrapping it for Christmas.","very negative"
"MommyM","Amazon","Electronics","More then we expected We are super happy with the Amazon Fire. We are using it more than our DirectTv. Quality is good and user friendly.","very positive"
"pics","Amazon","Electronics","Good Tablet basic tablet Good solid tablet with ability to use mcSD cards at a great price. Only down side is Amazon interface restricts full android platform.","somewhat positive"
"disappointedauntie","Amazon","Electronics","send back did not power up...at all. I am so happy that my grand-niece wasn't here and doesn't know about this yet, she would have been crying.","very negative"
"Ren99","Amazon","Electronics","All the apps need to be updated!!! I guess it's ok...All the apps are in need of updating. Amazon won't or can't update them. There help center did nothing.","very negative"
"John007","Amazon","Electronics","It was average Purchased for my kids but it was hard to navigate and ended up with purchasing an iPad","somewhat negative"
"Carolskendel","Amazon","Electronics","Very good Love my Kendal but cannot find a case or screen saver for it.","somewhat positive"
"Vonz","Amazon","Electronics","Terrific, compact and easy to use! I read a lot, check emails and shop, that's all I want and need from a tablet and this one is awesome!","somewhat positive"
"MrJay","Amazon","Electronics","Nice little streaming device This is a very wonderful streaming product. It is fast and has numerous app capabilities. There are some flaws though. The remote sometimes doesn't work then you'll have take out and put in the batteries, but you can use you're phone as a remote, it is faster and easier that way too. And it doesn't support VUDU or Crunchyroll. You can only real put this divice to its full potential if you're a Amazon prime member","neutral"
"Peeve0rr701","Amazon","Electronics","Great once you get it to work with other devices A bit difficult to get working with other smart home devices. After Some trial and error with my smart things hub, and IFTT commands it works great. Would increase to five star review if it was a bit easier to get up and running.","somewhat positive"
"Roberto Vargas Carolini","Amazon","Electronics","SO HAPPY WITH ITEM! 100 SATISFIED!","very positive"
"Clifton F. Toomey","Amazon","Electronics","One Star Over Priced due to the cost of Kindle at 289.00. Should come with Kindle.","very negative"
"Bucks","Amazon","Electronics","Great Got this for a Christmas Gift and they love all the things it does. No complaints yet","somewhat positive"
"malluga","Amazon","Electronics","Bad product Everything is locked out to Amazon, no compatibility with the Google Play Store and a lot of games the children play are on the Play Store. This product is bad because it is locked into only Amazon services.","very negative"
"RockinCD","Amazon","Electronics","Not impressed We decided to buy the amazon tabs due to the great price on black Friday. We returned them.","very negative"
"Jzillaaah","Amazon","Electronics","ok this was just ok... wish the camera quality was better.","somewhat negative"
"Johnny","Amazon","Electronics","Great for the kids For the price is great up to the minute on everything","very positive"
"Tara19","Amazon","Electronics","Great for someone who wants a basic tablet I bought the tablet for games and surfing the internet. This is a slow tablet, not made for gaming - graphics are commonly not supported. Super cheap tablet, you get what you pay for. Ended up returning it.","somewhat negative"
"Peper57","Amazon","Electronics","Simply awesome If you have amazon prime this is simply another way gaining more content If you are a cable cutter.. There's also the added plus of adding xbmc and getting additional content for content free.","somewhat positive"
"Kdhar","Amazon","Electronics","Average product Not the best and the brightest in the market. Bought two of them and one got damaged within the second month. Best buy was not taking it back and amazon asked a price of a whole new one for repair. Good price though but high possibility that the product might not last too long.","somewhat negative"
"Yogi636","Amazon","Electronics","Still learning Very different from my iPad. I'm sure I will get the hang of it.","neutral"
"Shamuu","Amazon","Electronics","Excellent Very educational and simply fun...like a new friendHavi g too much fun with her....still exploring more to educate her even better...a must myst buy and i dont typically buy gadgets....","somewhat positive"
"kb87r","Amazon","Electronics","needs better instructions very difficult to operate this if having problems knowing how to get to the instructions. Should have some computer knowledge prior to purchase.","somewhat negative"
"JLOfire7","Amazon","Electronics","The battery stopped charging in just two days. When you buy an Amazon product from Best buy they will not take responsibility after two weeks and said to speak to Amazon directly,But you cannot return any Amazon products bought from Best buy to Amazon, Do not buy Amazon products from Best buy but ever again as you are doomed with it","very negative"
"momofagamer","Amazon","Electronics","Trying To Figure It Out Although this got great reviews, I am still trying to figure it out. When it doesn't understand my question I rephrase it and sometimes even then Alexa still can't answer. I have been reading about how to get the most out of Alexa but I'm actually still on the fence about whether or not I will keep it. Am I missing something? What is it that others see that I don't?","neutral"
"Naazi","Amazon","Electronics","Not much useful I didn't find it useful for my 4yr old daugter so i returned it the other day.All the games in it r so kiddy games.","somewhat negative"
"techgeekwannabe","Amazon","Electronics","It's a $50 tablet I decided I wanted to try a tablet for reading books and a little social media instead of using my phone all the time. I researched the Fire 7 and Fire HD 8 and settled on the 7 knowing that it is a low end device. The device is slick and easy to use, and the Alexa integration is really cool. But It's a $50 tablet. At times, the performance is awful slow. I suspect it is updating content, say on twitter or FB. My complaint is when it is doing this, there are no visuals to let you know it is busy. I finally got on Amazon's chat feature, and several hours later, including several power cycles and a complete factory restore, the performance is the same. The reps at Amazon tried their best - and FWIW, I knew there was nothing they could do to speed it up before I contacted them, but I thought I would give it a try. So get this if you want, just be patient. Remember, It's a $50 tablet. If you want better performance, spend more $$.","neutral"
"Sheba","Amazon","Electronics","Did not work properly. It would not turn on or charge. We have to return it to Kindle.","very negative"
"Annie","Amazon","Electronics","great tablet for all ages Bought product for my 6 year old grandson. It's easy for him to read ,watch movies and play games on.","somewhat positive"
"aachterhof","Amazon","Electronics","Nice basic tablet It's a $50 tablet, you're not going to get all the bells and whistles. We got it for my toddler daughter to load apps, games and movies to take with her in the car/out to eat. You may already know that it does not come with standard Google apps so you cannot use your gmail to use apps from the Play store. There are workarounds found on YouTube that you can load Google apps through a 3rd party, and I easily did that but found that even those workarounds do not work for the Movies/TV app, so we can't watch any of her purchased movies on this which was the main objective. Apps and games load from your gmail fine so that is what she is now using it for. For $35 on Black Friday I guess it is still worth it. Just really wanted her movies on it.The UI is very basic and promotes purchases everywhere. The lock screen advertisement is obnoxious but I guess they have to make their money somewhere. I took all the bloatware Amazon apps that you can't delete and put them into a single folder to make it less cluttered with junk that my daughter wouldn't need. Also helping to avoid involuntary purchases. The camera is miserable on it, not that I ever use the camera even on my $500 Samsung, but just an FYI. Haven't used it enough to really comment on functionality or reliability. In the end, it's a >$50 tablet, but a decent one at that. But you defintely get what you pay for","somewhat positive"
"Rach","Amazon","Electronics","Faster than fire stick I purchased the firebox for tv in living room. I later purchased fire stick for bedroom. The box downloads faster. Amazon has lots of good movies and tv shows. Excellent music selection","neutral"
"Lennie","Amazon","Electronics","Not Worth the Price Bought this an an auxiliary pad instead of a second iPad, which I have had for years. So, far, other than reading books on it I haven't been able to accomplish much. Most of the apps I use on my iPad don't have a compatible version. But, it was cheap, so even as just an e-reader I decided to keep it.","neutral"
"Chrissy","Amazon","Electronics","It's a great beginners tablet I like it I use it for everyone. It's a great tablet","somewhat positive"
"Lauryn452","Amazon","Electronics","ehhh I've had amazon tablets in the past and this is the far worst I've bought. It was slow, drained the battery, kicking me out of the apps all the time.","very negative"
"Tina","Amazon","Electronics","Good value Great little tablet to take with you, great for kids","somewhat positive"
"Angie","Amazon","Electronics","Amazon tablet The screen breaks way to easy it drop one time broke","very negative"
"ryanwinget","Amazon","Electronics","ok, but cant get youtube app i bought it as a replacement for my son's tablet that got broken. he likes to watch kids youtube app in the evening when we are winding down but with amazon you cant get any youtube apps just some terrible knock offs which was the point for getting to begin with. the orice was great though!","neutral"
"da9rich","Amazon","Electronics","Would not work properly! Could not get it to work properly. I put the app on my phone and my computer. I reached out for help. They responded and it still didn't work. I finally got frustrated and returned it.","very negative"
"mikey","Amazon","Electronics","A novelty that can't do everything Fun for the first few days, but we hardly use it now after figuring out it can't answer many of our queries.","neutral"
"JLAS","Amazon","Electronics","Great device I got the ECHO DOT also. I compared them both and decided to keep the DOT. They are the same except for the speakers and the price. I would still highly recommend the ECHO. It's a personal choice.","very positive"
"Kingskid1966","Amazon","Electronics","Disappointing I purchased 3 kindles for my grandchildren for Christmas last year. I have been very disappointed with their quality. The chargers were very difficult to plug in right from the beginning and now one of the kindles won't even charge at all. The others have to be positioned just right or they won't charge either. I definitely would not recommend this particular model kindle to anyone.","somewhat negative"
"JustADude","Amazon","Electronics","Just OK I bought this and an AppleTV at the same time. The FireTV is just kinda OK. The interface isn't that intuitive and could use some polish. I had to enter the same username and password for multiple apps over and over (you only have to do it once on the AppleTV)...may not sound like that big of a deal, but it took much longer to setup.In my opinion, the AppleTV is a better product.","neutral"
"Kenomann","Amazon","Electronics","Alexa is knowledgeable...but not too bright. I know a lot of the ability of the Amazon Echo is more than I know...if there was a real tutorial available, this would probably be a great product.","neutral"
"MattK","Amazon","Electronics","Don't like Didn't know that Amazon had control over everything. Should have bought any other tablet.","somewhat negative"
"Ashley","Amazon","Electronics","Great Tablet ! I love my kindle fire I downloaded books easy . Thank god for that !","very positive"
"tracy","Amazon","Electronics","kindle fire 7 Love the kindle products. I bought the original kindle years ago so this is a nice upgrade.","very positive"
"Allan","Amazon","Electronics","It's cheap and so so with stocked firmware BUT... For under $50, it's cheap and so so with stocked firmware BUT you can root it then put a new custom firmware on it, After such you are no longer have many annoying pop up and adware from Amazon and I feel like my Fire Table is now worth at leat 2 times more than what I have paid for it.","neutral"
"Elena","Amazon","Electronics","To slow Bought for my grandson he doesn't like it it's to slow..","very negative"
"spider61","Amazon","Electronics","GREAT PRODUCT = IF MINE EVER GETS HERE My wife bought one at Best Buy. I had to go back and get her $40 dollars when the price went from $179 to $139. I decided I would get her one -- but they were out of stock. I ordered one thru Amazon --- but it still hasnt gotten here.","somewhat negative"
"patricia bishop","Amazon","Electronics","One Star I wish this came in white to match my Kindle Paperwhite","very negative"
"Blue","Amazon","Electronics","Not what I expected For the price, you should be able to use as a speaker when talking on the phone. I had to use my daughter's Beats Pill for this function, therefore it's not worth all the hype.","somewhat negative"
"Joann","Amazon","Electronics","Wasn't happy I'm use to android so this was hard for me but I returned it and got something andriod","somewhat negative"
"MarkLepe","Amazon","Electronics","Excellent Streamer. Navigates easily. Many channels. Fast connection speeds.","very negative"
"Divi","Amazon","Electronics","It is a great speaker I bought this speaker for my nephew , he is 25 and he loved it. It is a great speaker. It can understand most commands. Sound quality is very good. I would have given it 5 stars if it had a rechargeable battery. It has to be plugged in all the time , no battery.","somewhat positive"
"Team320","Amazon","Electronics","Great tablet for a great price Love, love, love the tablet and all it's multi uses and functionality. LOVE IT!!!","somewhat positive"
"JToon","Amazon","Electronics","Great Product The tablet is very user friendly for my mom who is not very computer savvy.","very positive"
"Annm870","Amazon","Electronics","Great Tablet I actually bought this for a friend. I already have one. She loves to read and I thought this would be perfect for her to download books on. She absolutely loves it for that plus all the other features she can do on her tablet. Such a great buy!","very positive"
"Moe1","Amazon","Electronics","Slow tablet I bought this tablet on black Friday and went home to test it out and it was very slow and not worth the money","very negative"
"Rick","Amazon","Electronics","Not what I expected If you don't care about live tv this will do great for you. Otherwise, can't ditch the cord yet.","very negative"
"Deez","Amazon","Electronics","Good tablet Gave this tablet to my daughter for Xmas, now she can enjoy playing her games on the tablet","somewhat positive"
"technut","Amazon","Electronics","quirky and freezes From the first time I used it, the pages kept freezing and didn't respond to touch commands. I had to turn it off and back on daily. I tried to get a replacement and was told they no longer have them and I'd have to pay $10. more for a newer model. I bought 2 (1 as a gift). So far 1 works and 1 didn't.","somewhat negative"
"Rick","Amazon","Electronics","Good functioal product Great Servive Best Buy and the price match is great I used it both at best buy","very negative"
"Joshbic425","Amazon","Electronics","Save your money and get the DOT or the OG Echo The portability is nice but misses key elements from the other two.Sound is good but this unit does not allow for the new peak in feature or allow you to add this speaker to play music all thru the house .","somewhat negative"
"Kelly4Casper","Amazon","Electronics","Decent tablet Easy to use for my non-tech sister! Screen is a little small, but it works for what she needs. Great value on Black Friday.","somewhat positive"
"Dorli","Amazon","Electronics","Light could b more intuitive I like my Kindle. This device could be a later technology. For the price Amazon could include more features.","somewhat positive"
"reluctantrater","Amazon","Electronics","love to stream music With amazon prime I was able to create a huge play list. My Echo also turns on lights in some of the most inconvenient areas. Alexa keeps me informed on news weather and sports.","very positive"
"ironpony87","Amazon","Electronics","OK for adults, but not for kids I would say that it is not for kids is because my kids have been downloading game after game even with a 64 gig sd card the main operating system only allows about 2 gigs of games that cannot be transferred to the data card so storage is very limited","neutral"
"Marilyn Holcomb","Amazon","Electronics","Only lasts for less than 1 year! This is the THIRD power charger that I have HAD to buy at cost of over 30 each since my Kindle Fire purchase. Why can't the chargers last a REASONABLE amount of time When I connected this charger, I received a message saying that it was a LOW level charger it probably would not charge while the Kindle was in use. NOT ACCEPTABLE for this cost!!!","very negative"
"Ozzie","Amazon","Electronics","very nice reader Bought this reader for a present for my mom. She loves it. Able to take her book with her in a smaller form loves how it looks like paper pages. Easy to order a new book.","somewhat positive"
"Mac2610","Amazon","Electronics","Echo Works as expected. Bought two as a gifts and both love them.","somewhat positive"
"Gator","Amazon","Electronics","Excellent product Has great abilty to perform at high levels e as sy to operate . Very simple technology","somewhat positive"
"Bkzibda","Amazon","Electronics","Not bad for simple browsing and gaming function Great affordable device but does not have allow for android market app downloads and is basically good for simple browsing and games.","neutral"
"Mommyof2","Amazon","Electronics","Weird ads as a screen saver I bought 2 of these on Black Friday and these have to be one of the worst buys of my life!!!! The screen saver can't be changed so my kids are forced to look at ads every time they want to use their tablet. Apps are ok and to be honest I could have dealt with the ads but the final deal breaker for me is the sd card. I bought my kids sd cards so they can have more than 4 games and the tablet doesn't read it or something. It says sd card inserted but it won't download apps to the sd card!","very negative"
"miken356","Amazon","Electronics","what a deal This is a very servicable tablet ... an excellent value for the price!","very positive"
"LeviathanMN","Amazon","Electronics","Got a Great Deal! For the little price I paid this was a good buy for the kids. I prefer the Amazon tablets for my kids so they can be more involved with reading.","somewhat positive"
"Mike Mitchell","Amazon","Electronics","Perfect 88 people found this helpful. Was this review helpful to you Yes No Works well with all Kindle models, either as a computer cord or charging cord. My original Kindle came with a charger and cord. The new editions don't. They come with a cord like this - but my mom's got thrown away with the box. This is a perfect replacement.","very positive"
"Meee","Amazon","Electronics","Very slow. Freezes frequently Very slow, freezes frequently but it was 34 dollars","somewhat negative"
"Thejerk","Amazon","Electronics","Cant use google Lol.... the only reason i bought this tablet was so i could load my games from my phone and play them on larger screen but i didnt realize that sonce its an amazon product it wont load google play or support vlash of clans or any other google game a big thumbs down.... i guess im just stuck with a tablet that is useless for me","very negative"
"TrueSoldier","Amazon","Electronics","Video quality lacking The Video quality on this is lacking compared to other streaming devices. In the plus side you can use kodi. I would get a roku if you don't plan on using kodI or a nividi shield if you plan on using kodi.","somewhat negative"
"SC2DC","Amazon","Electronics","Amazon Fire Stick is Better Purchased Amazon Fire TV due to previous reviews stating that it performs fast with PlayStation Vue. Tried it out for a month and all it did was constantly buffer. Checked my internet speed and router/modem and I have the fastest 1GB speed available. Reviews on PlayStation Vue state that Roku interface is not as good, so I purchased Amazon Fire Stick to determine if it has better performance. Love the Amazon Fire Stick. Extremely fast and no buffering with online streaming with PlayStation Vue on the Amazon Fire Stick. Save your money and get the stick.","somewhat negative"
"Chaas","Amazon","Electronics","Not the best option. Alexa has a hard time answering. You need to download information online in order to build her data base.","somewhat negative"
"Pat1980","Amazon","Electronics","Expensive Cup Holder (Returned for Apple TV) Item was DOA. Reached out to Amazon IT who this happens often. I stand gratification was thrown straight out the window. I returned the item to BB where I purchased the Appel tv. Much better product and works, which is more than I can say for the Fire TV. I give the item a 2 star instead of a 1 because Amazons IT was quick to answer the phone and troubleshoot.","somewhat negative"
"Applebar","Amazon","Electronics","Serviceable tablet for entertainment The fire has a solid build, is not horribly slow, and has decent battery. Its major flaw today is the screen, which is both low resolution and poor contrast, with weak viewing angles. It makes a fine cheap tablet to hand to some kids though. For the price, not bad.","neutral"
"tato","Amazon","Electronics","GREAT AND EASY FOR KIDS! GREAT INEXPENSIVE ITEM. EASY TO USE. KIDS LOVE TO USE IT","very positive"
"baldie","Amazon","Electronics","Very cool device Ive always used apple devices, but this little gadget is full of surprises","very positive"
"Angie","Amazon","Electronics","The camera and Cover are great Perfect for that age group that I bought it for she 10and loves it.","neutral"
"Jdwalker","Amazon","Electronics","Good bang for the buck Works smooth and easy will recommend to friends and family","somewhat positive"
"AMock","Amazon","Electronics","Love Alexa Such fun. Always new ways to get information and have fun.","very positive"
"jeter06emt","Amazon","Electronics","love it I love the fire tvits great to stream netflix....amazon, it also lets u download games","very positive"
"GOBstopper","Amazon","Electronics","Just ok This tablet could be so much better if the apps actually worked decently. The built in Amazon pieces for Prime members is great and work flawlessly. But it's not enough to overcome the terrible app behavior and countless freezes. They need to take a lesson or two from Apple.","somewhat negative"
"Amb112","Amazon","Electronics","Replacement for older kindle Bought this for myself at Christmas as a replacement for my older version. This one has clearer graphics but I find the build to be way cheaper and definitely a great deal thinner..felt to flimsy to me.","neutral"
"milty","Amazon","Electronics","great Internet access Excellent value and good WiFi access Video quality excellent","very positive"
"Kappa","Amazon","Electronics","Cheap but faulty. Not what I was expecting. I got this tablet with high expectations given it's from Amazon. However it was disappointing in many ways and it will be returned.First off, despite of the small screen size, it's heavy. Too heavy to be used as a book reader in bed.The deal breaker for me was that there's no way to connect a VPN using the regular Android settings. The option has been deactivated and accordingly to the tech support, it's not available yet, but it will come. Surprisingly, still according to them, none of the new Amazon tables on sale have such support! Apparently Amazon doesn't believe that open WIFI at coffee shops, supermarkets, airports offer data security risks for the tablet users.On top of that, the Amazon version of Google Play Store has a reduced number of Apps and the ones I was interested in are not available.And the cherry on the top, was that only after 15 min of small usage (I was still trying to find a way to connect to my VPN), the screen frozen and the tablet became unresponsive.Too bad! I really wanted to like it.","somewhat negative"
"Londa","Amazon","Electronics","Kid friendly I really just needed a cheap Christmas gift for one of my god children ..","somewhat negative"
"PGru","Amazon","Electronics","Alexa Rocks I so enjoy Alexa. My favorite radio station is just a request away, as is most information. Great conversation piece!","very positive"
"Abby","Amazon","Electronics","Good tablet This Fire tablet is overall a good size, and has great features!","somewhat positive"
"Freebap36","Amazon","Electronics","Nice unit for the beginner The unit itself is very simple to use, somewhat difficult to get connected at startup but once setup ran flawlessly. Memory a little small.","neutral"
"TBBT76","Amazon","Electronics","Started out great everything started out great, but then about 9 days into owning the fire, could not locate wifi, doesn't work without wifi","somewhat negative"
"BAdams","Amazon","Electronics","Not worth the money or time I was excited about the Amazon echo. However after getting it home setting it up and finding out how limiting it is that excitement went away fast. The echo couldn't answer the majority of questions or would be asked a question and instead of answering it would play country music which I never asked for.Unless you have smart home features like a smart thermostat or smart lights etc it is useless aside from being a speaker which for the money it isn't a good speaker.I did however try it for a week finding it not worth it or that googling questions was easier to answer. Even asking it about what movies were near me etc was a pain. Some said maybe I got a defective unit which wasn't the case the echo is just limited in what it can do.I would say save your money this isn't worth it yet.","very negative"
"Donpc","Amazon","Electronics","Decent Quality Better quality then most tablets in same price range. I still suggests the accident protection plan or at least a okay case for it. Ads on lock screen is a bit of a let down but it functions like its supposed to.","neutral"
"Rambo","Amazon","Electronics","Not a very good camera . The camera is not very sharp , and you can not download another one .","neutral"
"Mark","Amazon","Electronics","Good when it works I bought this to go with the Toshiba 4K TV with built-in Chromecast I bought from Best Buy. It's nice when it works but I had problems with it that caused me to return it.I have a Fire Stick and it works great. I leave it plugged in but it needs to be unplugged every few weeks, otherwise it works fairly well. The Fire TV had to be unplugged after every use. The screen would flash and sometimes there would be a popping sound. If I left it plugged in for any amount of time, then it would not work well. I liked the voice search on it and Alexa works great. You can ask for the weather, play music, and presumably other things that the Echo, Dot, and Tap can do. Just a side note, you have to keep the button pressed when asking Alexa to do something.Maybe I had a defective unit, maybe it was something else. But I've had a Paperwhite and a Voyage that both died on me in similar ways. I've never had a problem with the lower end Kindles or Fire tablets. Based on my limited experience, Amazon just doesn't get its higher end products right. I'm still going to use Amazon for a variety of things, but I no longer trust them for the higher end products that they make and sell.","somewhat negative"
"Court110","Amazon","Electronics","Not sure We cut our cable in hopes to just use this product. However, we cannot view most things without logging into a cable source. So now it just collects dust. I guess if it was jail broken it might be better.","somewhat negative"
"Sahm","Amazon","Electronics","Good value Definitely Worth the $50 would recommend to friends","somewhat positive"
"RayRay","Amazon","Electronics","Good tablet I was excited to get this because of the price. After taking it home I started noticing things that bothered me. I use samsung devices and the amazon app store does not have a lot of the same apps. Even chrome would not work on this device. I did return this because I was looking for more than a bare stock tablet. But if that's what your looking for its great!","neutral"
"tlchap2","Amazon","Electronics","Great for listening to music Enjoy listening to music and asking to research items.","somewhat positive"
"Twhite","Amazon","Electronics","My grandkids love it I bought two of these for Christmas presents. One for my grandson and one for my granddaughter. They both love them.","somewhat positive"
"richsfamily","Amazon","Electronics","Helpful and Fun Our family enjoys using Alexa and discovering all the things she can do. We Enjoyed it so much that we also purchased 2 dots.","somewhat positive"
"Sandra Courson","Amazon","Electronics","One Star doesnt do me any good without a cord to go with it","very negative"
"Logan","Amazon","Electronics","alexa I wake up every morning and get my weather and news before I go to work. Haven't really done any other things with it yet. Not sure if it's worth the price.","somewhat positive"
"KenEileenStoll","Amazon","Electronics","Good tablet wifi concern My daughter loves her tablet. However we had to replace the first one we bought as it couldn't connect to the wifi properly. The second one works fine now.","neutral"
"Adam","Amazon","Electronics","OK at the Black Friday Pricepoint I want to start out by pointing out that I honestly was not expecting much to begin with. I was just hoping for something backlit to read with at night. My problem with it is that it was slow to the point where it was almost unusable. Just bite the bullet and get a more expensive model if you're new to Amazon Fire. This is not representative of the experience of owning one.","somewhat negative"
"TxnPwrBeard","Amazon","Electronics","Not user Friendly Purchased for my Father In Law - this was the most frustrating experience. Not user friendly - not friendly at all. Stick with a name brand tablet - Apple, Samsung, etc.. Avoid this device at all costs.","very negative"
"thoroughlymorgan","Amazon","Electronics","Use it everyday We already have an echo so I didn't think we needed the tap and procrastinated getting it. Now we use it everyday -- mostly to stream Amazon prime, TuneIn, or Pandora channels.It is funny how the latest technology sometimes brings us back to where we were when I was a kid -- having a beat box to carry around room to room and outside. We use the tap as a 2016 version of a beat box that is much smaller, rechargeable, and way easier to tune! And with side benefits of controlling our lights, HVAC, and with Alexa onboard ready to answer the random trivia questions.The sound quality could be a bit better, but surprisingly good. Adjusting the volume isn't as easy as it should be. The battery lasts a long time and its a snap to use a bluetooth speaker as well.","very positive"
"Hank","Amazon","Electronics","Great reader Works well great outdoors in the sun. Better than iPad for books.","very positive"
"Hello","Amazon","Electronics","Terrible Not Kid friendly at all. Purchased for little nephew. Wasn't given any info on it for sales person either. Took back!!!","very negative"
"Mother","Amazon","Electronics","Piece of junk Bought this for my toddler to watch his shows on netflix amazon and vudu. Vudu isnt compatable, netflix is so slow it kept buffering, so he got upset. Acording to its specs it has a faster processing system than my linsay tablet bit its five times slower atleast. Downloading anything takes forever. It was also very difficult to navigate.Over all waste of money","somewhat negative"
"Ronny","Amazon","Electronics","Disappointed I I thought the buy For my child bc the kids mode but it was very poor","very negative"
"puchuba","Amazon","Electronics","Slow but gets the job done Bought this as a cheaper alternative for using with kids. Battery lasts longer than most tablets, the reason why I gave this such a mediocre rating is because you can't put a wallpaper for the lock screen. You always have an ad for something Amazon related, which can be annoying. But if it's just something small for the kiddos to use, good choice. I wouldn't recommend for adults.","neutral"
"Liza Elliott","Amazon","Electronics","Don't do it! 1 star...because it worked 1 time and stopped working.Returned it the very next day!My husband's Nexus charger and the Belkin 10W charger (that he got to replace this charger) do a GREAT job charging my Kindle Fire 8.9 HDX!","very negative"
"L.E.Edwards","Amazon","Electronics","Perfect! Works perfectly! Couldn't be more pleased.","very positive"
"NICK","Amazon","Electronics","Amazon Fire Brought this for my 8 yr old son. He cannot put it down. Would recommend this product.","neutral"
"compGeek","Amazon","Electronics","I would recommend for small children. In my personal opinion, this product would be unable to satisify any adult, whether it was for business or pleasure. Limited apps, limited space, slow uploading, etc. Also, due to this being an amazon product, many apps and options are unavailable, that are commonly used with both android and apple products. So I would not recommend to anyone.","somewhat negative"
"nomar05","Amazon","Electronics","Great reader for our 8 year old She loves reading books on it and it is very easy on the eyes","very positive"
"Janet","Amazon","Electronics","Love my echo I love its portability! The speakers are phenomenal!","very positive"
"OregonHusker","Amazon","Electronics","Cut the chord! Researched this ahead of time and pleased so far. Good processing speed and no issues streaming. Got this specifically to get PlayStation Vue.","very positive"
"Cee215","Amazon","Electronics","Nice basic tablet If u have kids or just need a basic tablet this is a good 1 for starters. Only thing I dont like are the ads that show when u unlock it","neutral"
"Jonnya","Amazon","Electronics","Works great for my 6 yr old So far so good with the kindle fire hd. still need to play with it to see how to maximize our use.","somewhat positive"
"Diva42","Amazon","Electronics","This product is amazing!!! I have the Amazon dot, which is great. But after purchasing the tap, which was on sale too, I was sold. You can take it any where. And the sound is great!!!","very positive"
"Horse","Amazon","Electronics","Good It is not as easy to use as my iPad. There is no Retina display , which I got used with my Apple gadgets","neutral"
"Alexander Rodriguez","Amazon","Electronics","Eventually Your Kindle Will Crack The reason people give it 5 stars is because they don't give the product enough time before they review it. I purchased this along with my kindle dx on August 12, 2010. I can honestly say that I don't recommend this product as it will damage the kindle. The hinge that attaches to the kindle will eventually put pressure on the kindle front plastic cover and soon you will see it crack. To avoid this, you have to make sure the kindle doesn't rock back and forth from off the back cover causing the hinge to bend more and crack the front plastic further. This is hard to do if you open and close your kindle many times a day or simply lend it to someone else who doesn't know better. One thing I can honestly say is that I really wanted to like this product. I really wanted it to work. I'm looking for a slip cover now.","very negative"
"phoner","Amazon","Electronics","Good product but returned I returned the item for the Echo Dot, and purchased a separate bluetooth speaker. This provides more flexibility from my perspective. I have 2 Echo Dots and both are excellent,","very positive"
"Shelby","Amazon","Electronics","Great color screen. Screen is very vibrant and bright great color. Pretty easy to use even for a beginner. It's big enough to see well but easy to hold. Fits in a purse easily.","somewhat positive"
"Tomm","Amazon","Electronics","Not worth it Slow, advertisement plagued. Save and spend money on something better.","very negative"
"Papio","Amazon","Electronics","Intuitive and excellent sound. Great tool for every day life and excellent sound.Highly recommended.","somewhat positive"
"Dehope","Amazon","Electronics","Not meet needs Not able to play youtube that's what my daughter likes.","very negative"
"Videoman22","Amazon","Electronics","Great. Product Works great No issues Awsome productGoing to buy another one","somewhat positive"
"Jerrica","Amazon","Electronics","Awesome for toddlers with slippery fingers! My 3 year old has gone through 2 tablets prior to her kids fire. I love the parental control and easy use. She loves the apps available through Prime! She drops it daily with no damage to the tablet thanks to the protective case! Thanks for making a very durable product with an incredible warranty!","very positive"
"BEN1","Amazon","Electronics","Great Service, great purchase I found that I was immediately sked by a staff member if I needed help. I received good advice and shown similar alternative products. What I bought was perfect for what I wanted. The price was quite reasonable.","very positive"
"Christian","Amazon","Electronics","I'm not happy with it I can say it does recognize every accent, but there were too many questions unanswered.","somewhat negative"
"DMARC13","Amazon","Electronics","Ok for the price. Decent somewhat slow. Netflix freezes up at times.","neutral"
"kitnkaat","Amazon","Electronics","Best Kindle for readers with multiple interests I've been using kindles for many years and have tried every model out there. For my purposes, the Paperwhite is the best. I have a very wide range of interests in my reading and the ease that the Paperwhite offers in creating folders to make accessing books is truly remarkable. It is so easy to switch from alphabetizing by author, date of purchase, or title of book. My eyes give me trouble on some days so I really like how easy it is to change font size and background lighting, Since purchasing the Paperwhite, I have delegated my Fire almost exclusively to the role of playing games. Almost all of my reading is done on the Paperwhite. (this purchase was actually a second Paperwhite that I use as a secondary kindle which I keep next to my bed for easy access for nighttime reading. Even though the Paperwhite is so light, having one in each of the places where I read the most is very convenient.","very positive"
"TechYayo","Amazon","Electronics","Good Tablet It's a good tablet but only for like little Childen to play on not for teens. I don't think it should have high expectations, if thinking that.","neutral"
"Charlie","Amazon","Electronics","Very Disappointed! This tablet disappointed me from the beginning. I loved my previous Fire tablet. However, this new one disappointed me from get go. I do not want it to tell me what I like or want! I do not like ads that pop up, I do not want suggestions for me on books, movies or anything else. I know what I like! I definitely do not want it talking to me! In this day and age, with identity theft prevalent, I would like to be able to have apps without having to turn on features like location, etc.. All in all, I am ready to bust it up and throw it away!","very negative"
"Paloma","Amazon","Electronics","Not impressed with the last 2 Kindles. The last 2 models of Kindle HDX 8 have been terrible. We have purchased 2 of each model of Kindle and up until the last 2 models, they have been great. Last years had to be replaced 7 or 8 times and for the same problem. The slot for the SD card is defective. I gave up and bought the newest model. It shuts completely down if you try to plug it in to external speakers and sometimes it shuts down for no reason. It's going back after the first of the year. This is going to be my last year for Kindles unless they make them the same quality as before. Phooey!","very negative"
"Chuck","Amazon","Electronics","Basic, no frills tablet I had a Nook, but it died so I wanted a replacement, and bought this Fire tablet on black friday last year because it was very inexpensive, but as the old adage goes, you get what you pay for. It's OK for basic web surfing, but it's limited, slow, and has one little speaker on the back so if you lay it on a table you won't be able to hear it very well.","somewhat negative"
"dcslim","Amazon","Electronics","Amazon Fire TV For a device with 4k Technology they don't seem to advertise it much. You can barely see it on the box. Also search feature only works for Amazon. That's a waste of a search feature. Remote disconnects from the box often and your have to take the batteries out of the remote to reset it. I would not recommend until Amazon fixes the bugs.","somewhat negative"
"Nate A","Amazon","Electronics","Way overpriced!!! I thought I was getting a fast charger for the price I paid for this! It was 20 for this slow charger...the same price amazon charges for the fast charger. This charger should have been included with my Paperwhite...buyer beware this is way overpriced and should be free with the purchase od a kindle!!!","very negative"
"Tiffers","Amazon","Electronics","Bought for daughter Bought for daughter, love the parental control and curfew setting","very positive"
"Rwil9946","Amazon","Electronics","Good Price, Had Issues The price was good, and while it worked, the tablet was decent, but about a week later the screen began to turn all white. I performed a factory reset, as the screen was barely visible but that did nothing. Heard it was a common problem with these. Won't be buying again, but if the issues are fixed in other models I would look at those.","somewhat negative"
"kristar028","Amazon","Electronics","Replacement Tablet for my son Had to replace my sons lenovo android tablet and at the same time renew the warranty. Had a few options of brands to choose for the replacement. Lots of family suggested the Amazon even the best buy staff said it was the better choice not to mention the cheapest of the four brands to pick from. Well set up was a disaster. I wasn't aware that this tablet let's you put up to four names under one Amazon account, until after the initial account member name was completed. So now my 7 yr old has an Amazon account. Also didnt lime that i had to put in credit info for set up. And then had to go into settings to put a parental block on in-app purchases. Too many ad pop ups and thats just while it is turning on. In not happy with this tablet . It automatically backs up photos and stuff to an iCloud. I don't know what that is , how to access it, nor is there an icon on the screen for it. Also lots of unnecessary pages and icons all over the screen that can't be changed. My other sons tablet is in need of replacement and warranty renewal. I will not be replacing his with this product.","very negative"
"arcila13","Amazon","Electronics","Kindle the best tablet for your bottom dollar This is my second Kindle tablet and I couldn't be any happier. I primarily use my tablet to read comics, they have the best comic reader on any device to read your CBZ files (ComicCat). Now that you can upgrade and add extra memory the 50 price tag can't be beat by rival companies. Great for the kids. If they break it it's not as bad as breaking say an IPAD at a minimum of 300.00 dollars.","very positive"
"Cole","Amazon","Electronics","Love it! Just what my 10 year old needed to take her tech to the next level. Love the parental controls to keep her safe online","very positive"
"tony","Amazon","Electronics","poor quality No longer takes charge from manufacture charger or any other type of charger. Product did not last very long since had 7 months.","very negative"
"Nikki","Amazon","Electronics","No sound through headphones. I have one issue with this tablet. What headphones work with this tablet? I used a pair the first time to watch a movie and they worked fine. When trying to view a movie again none of the headphones are working on this tablet. I have tried multiple headsets with no success. Please Help!","somewhat negative"
"Mike","Amazon","Electronics","Ok starter Works well but too much advertisements with little control over content.","neutral"
"seenu","Amazon","Electronics","Very competent tablet for the price. I have a couple of iPads and decided to get this for general browsing, movie watching etc. Very pleased with the overall package. An added bonus is the very nice Amazon integration.","very positive"
"West","Amazon","Electronics","Easy to use My kids love it . I love the size and weight . It not easy to broke or crack","very positive"
"Jcloud","Amazon","Electronics","Not so good computer. Had to spend 2 hours on line to make it work on line.","neutral"
"Cyndy","Amazon","Electronics","Wonderful for reading and playing Works great as an ereader. Can hold so many books!","somewhat positive"
"Tyreef","Amazon","Electronics","Amazon - Fire - 7 Tablet I'm not happy with It, you get what you pay for I will never buy it again.","neutral"
"NINJA636BLK","Amazon","Electronics","Ok tablet I must have got 2 bad ones Purchased two of these tablets. Both of them had 4-7 dead pixels all over the screen. Read a lot of online reviews which stated same problem. The screen/resolution is pretty bad but what can you expect for $50.","very negative"
"Je35821","Amazon","Electronics","AMAZON KID's FIRE TABLETS I bought 2 Amazon Kid's Fire Tablets for my two grandsons for Christmas. Included in the purchase of the A.K.F. Tablets is a one year subscription to KID's Free Time.I have called & emailed inquiring about the registration process in order for my daughter to activate & begin using the free one year subscription of KID's FREE TIME, & still no resolution.Upon trying to register tablets, credit card used to purchase is required. I do not understand why my credit card needs to be submitted in order to obtain/activate a service that is included in the already PREPAID Purchase!I have been waiting for a response since Christmas.Therefore, at this time, I would have to give a 2 star rating due to the lack of customer service available for this product. With hope of getting this issue resolved I would still recommend to a friend.","somewhat negative"
"wbtally","Amazon","Electronics","Perfect for me I like the flexibility and great responsiveness of the FireTV. Our family is able take advantage of the built in options (including Amazon Prime) and set it up just the way I like. I also have friends who prefer the Fire Stick. They have customized those and still have good performance. FireTV is great for anyone and even better if you are a little tech savvy..","somewhat positive"
"Ec714","Amazon","Electronics","Junk The thing broke within the first week. The charging port was bent and it wouldn't charge.","somewhat negative"
"Scout","Amazon","Electronics","Great interface with Amazon Prime Works well. Very bright and easy to read. Can watch Amazon prime with ease. Excellent choice for an additional way to access technology.","very positive"
"Barron","Amazon","Electronics","Best gadget to read Great for reading in sunlight. Lightweight and battery lasts a long time!","very positive"
"Burstin2shames","Amazon","Electronics","Great Good machine and good service. Displays color as it should","very positive"
"Leee","Amazon","Electronics","Slow to get where you want to be I'm mostly happy, but like so many electronics, this one has a huge of built in advertising that you just can't get away from. There is no way to identify the aps you want to see first, and it always defaults the first click to an advertised movie for sell. It takes many clicks to get where I want, and the voice only works for purchases from Amazon, everywhere else you have to use the keyboard using clicks.","neutral"
"Reviewer","Amazon","Electronics","Overpriced but does its job Does what it is suppose to do - power adaptor / charger.Three stars because it's overpriced.","neutral"
"Domsmom31","Amazon","Electronics","Doesn't stream very well I had a hard time trying to stream movies even with a good internet connection ....was a little disappointed","somewhat negative"
"MikeZ","Amazon","Electronics","Unreliable Bought two of these 2015 models to add to my previous model on other sets in the house. Both of the new units freeze after about 10 - 15 minutes stating that my 16 MB connection speed isn't fast enough for watching old documentaries from my Prime account. Cycling the power gets it working until it freezes again. The old model works flawlessly. I'll be returning these.","very negative"
"jimk","Amazon","Electronics","good reader. does the job The reader does the job. Easy to use and easy to read.","somewhat positive"
"Bella","Amazon","Electronics","Perfect for Any Age My mother, husband, and daughter all enjoy using Fire. It's a great way to stay preoccupied.","very positive"
"xbadboyx","Amazon","Electronics","Functionality Echo was easy to set up. Speaker is not as good as the Google Home. Both the Nest thermostat and the Inseon hub seem to be working okay with the Echo.3 stars because I have not used all the functions yet.","neutral"
"Averageuser","Amazon","Electronics","Christmas Present for my sister I purchased this tablet for my sister as a Christmas present.","neutral"
"WalkingAtNight","Amazon","Electronics","Love it Bought the fire tv box because the stick was a bit slow and hardly had any space. The box works great and i don't have any streaming issues.","very positive"
"beau707","Amazon","Electronics","Not for a beginner The product works fine, but you need to install a bunch of apps to use to its full potential.","neutral"
"Victorian","Amazon","Electronics","Very disappointing purchase I purchase this tablet for my son and it was very disappointing on the 3 exchanges I had to do. First the charger was not working, second the free time was not connecting and third exchange it was freezing. So many good reviews for this tablet but it did not work for me.","very negative"
"Eric","Amazon","Electronics","Well priced for the product Great for searching and opening multiple apps at once.","somewhat positive"
"BestBuyLover","Amazon","Electronics","Kindle Fire I bought this about 3 weeks ago and I love it! You can play games (Although a bit laggy), watch movies/TV shows, read, and do quite a bit with it! The price is amazing! I would for sure buy this again and again! I recommend this if you are wanting a tablet to read! It is a great price for a pretty big screen! (But if you are wanting more of a game tablet I would recommend an Ipad or whatever is at best buy that they recommend.) I definitely think there is enough gigs for a few games and some books! My rating is 10/10!","very positive"
"Happy","Amazon","Electronics","I'm still learning about it I don't read the books. I'm still learning about it. I don't really even use it.","neutral"
"Angrydagg","Amazon","Electronics","Nice features for the price. For the price this tables does everything I need. so far.","somewhat positive"
"FloridaGrannie","Amazon","Electronics","Fine for kids, not for adults I ordered two of these tablets, one for 4 yr old, and another for mom. It is not user friendly, difficult to use and full of advertisements even when not online. Comes with games that kids enjoy, but very limited on other application options. Book ordering requires monthly subscriptions. We have purchased another product for mom, and the 4 yr old quickly got bored with the limited options, and I got frustrated trying to navigate.","very negative"
"DEandME","Amazon","Electronics","it works great i am enjoying the freedom from cox This product works better than the smart tv function of our current tv, simplifies the process and especially the search function. no more clicking and scrolling thru the alphabet...just speak it and let it search for you - that alone is worth the $","very positive"
"lizzette87","Amazon","Electronics","Good looking screen Not a bad deal on a small but good tabletEasy to use","somewhat positive"
"Doug","Amazon","Electronics","Very good for the $ For books games and internet it's perfectSound is a ittle weak","neutral"
"familymom","Amazon","Electronics","No good I purchased this tablet a week ago as a gift for my brother and it has restarted itself over ten times and has shut off while someone was on in on different occasions Will be getting my money back and getting a samsung..","somewhat negative"
"Sathya","Amazon","Electronics","Worst product I bought this product 4 months back. It is very slow, i can't open any app in 15 seconds. OS is different than others so we can't get normal apps easily. Only one thing i can say is slow slow slow performance. I don't know how to replace it. Need some help from best buy people.I don't know whether i got defective piece or this is the actual performance","very negative"
"Hemi","Amazon","Electronics","Works awesome Love it use it for watching tv and listening to music.","very positive"
"Snowman","Amazon","Electronics","Didn't do what i want Probably a fine item for most but i bought it for a specific application, the best buy employee said it would work but unfortunately it didn't.","somewhat negative"
"Manoj","Amazon","Electronics","Not a good tab though at a low price The price may be attractive, but not worth to buy. After seeing tabs like iPad, Nexus and others, you wouldn't be willing to use it as the display is just 1024 x 600 pixels, touch is not very smooth, not so good customized apps/games (though there is a way to install all Android apps). The build quality is good though.","somewhat negative"
"Texasboss","Amazon","Electronics","Nice 4K content needs work though. I was a loyal Roku 3 but since I got a 4K tv I wanted something that streamed 4K. The Fire TV has a lot of good qualities but the fact it constantly resets randomly is frustrating for sure. I have the highest speed internet via Comcast so I don't understand why it's doing that.Amazon prime is great so it's not bad just need the bugs worked out for a higher rating from me.","neutral"
"Nijes","Amazon","Electronics","Not what I was looking for I purchased this for my 4 year old to play. It was not as user friendly as described and VERY slow. It keeps pausing and freezing up, which is frustrating for anyone using it. I was told that I would receive 20 off of the prime subscription, however, that was not offered when registering this product. It may be good for some, but it was not a good fit for us.","neutral"
"ArmyNINJA","Amazon","Electronics","Great device to kill time! Kindle just keeps getting better. This device is the perfect size to pack away for a business trip to kill some time reading a book or even uploading your documents to access them quickly.","very positive"
"ghostyelmastigre","Amazon","Electronics","OK give this tablet to my son and was very happy with it!","neutral"
"Cdub","Amazon","Electronics","Nice tablet for my son Perfect little tablet for my son for Christmas. The price makes it a steal for a tablet these days. In addition it meets the requirements a 7 year old has for media needs. He's able to read his homework on it nightly plus take pictures of which he's addicted to lately!","somewhat positive"
"Samantha","Amazon","Electronics","Good price You cannot beat the price on this tablet, but there is no bluetooth. Also, it really hits you hard with advertising and trying to get you to do everything through amazon. We bought it to use in the kitchen with our digital cookbooks.","neutral"
"SciFiWriter2481","Amazon","Electronics","Decent $50 tablet/e-reader I bought a first generation Kindle Fire a few years back, when it was on sale for something like 185.00 and loved it. It took a bit of a beating and I had recently begun to think about buying a replacement. I think that original tablet would probably be more comparable to the Fire HD 10 or something. So my experience with this version is colored by the higher quality first generation model. I also use a Surface Pro tablet as my personal/work computer, so that too probably color my opinion. Out of the box this is lighter than the original. Upon powering up, the original bookshelf carousel is now replaced by a more standard tablet home screen. In terms of processing speed this version feels a little slow. Games I had on the original seem to struggle a bit on the new Fire. Web-browsing is not terrible but is not terribly fast either. In the end, if you want a good e-reader on a budget with a few extra features, this is a great buy. If you're looking for a serious small tablet, you may wish to add a bit more to your budget and get one of the older siblings.","neutral"
"Bball5chick1c","Amazon","Electronics","Good Charges all my items extra fast. Love it when I'm short on time","very positive"
"Ronguy","Amazon","Electronics","Excellent addition to our household Very useful device that is useful in many ways including music, news,and help such as recipes.","very positive"
"JohnS","Amazon","Electronics","terrible product,bad voice quality the speaker voice quality is terrible compare the similar size my logitech UE BOOM.the price is too high, even I got on promotion with $79","very negative"
"Coolmom","Amazon","Electronics","Okay enough for game playing They are ok for a kid to play games on. But I don't like it for myself. I will just save for an iPad.","neutral"
"VIPER31415","Amazon","Electronics","Not all what I expected. Siri answers better. Must have Amazon paid service to play music from the cloud and must be set up from the mobile app. Not portable. Cannot connect to Fire tv. Took some getting use to for me to get the commands right to change my nest thermostat. Must use the app to install 3rd party skills to the app to control smart devices.","somewhat negative"
"WOW1","Amazon","Electronics","Not for kids I bought the Fire for my 8 year old for school after a suggestion from the sales rep in store. Went to set it up and it required a credit card number be entered. Couldn't even download free kids apps. Why would I want my child able to accidently buy something? I refused and thus not able to download anything. We will be returning it. Product appears best for an adult who likes to read books on tablet.","very negative"
"Mjceks","Amazon","Electronics","Convenient and Good Quality Sound Easy to set up and very convenient to operate. The sound is very good.","very positive"
"Trulyblessed220417","Amazon","Electronics","An okay tablet for children The only bad thing I can say about this tablet is that after using certain apps you have to turn the tablet completely off in order to get to the main screen.","neutral"
"ricm3389","Amazon","Electronics","this is goes off line way to much!! I like the tech but it goes off off line way to often and it's not that easy to get restarted some times.","somewhat positive"
"afhmiami","Amazon","Electronics","Rocks! Alexa rocks! Knows everything! Never talks back! A perfect roommate!","very positive"
"Mark","Amazon","Electronics","Wasn't for me Didn't have some of the features I was looking for. Returned it the next day. May be good for others","somewhat negative"
"ramesh","Amazon","Electronics","not good this item is not good ok ...no use for my kids ,,,","somewhat negative"
"JfromDenver","Amazon","Electronics","This kindle is great if you love reading books. I had the old Version of the Kindle and loved it. But now that I have the Paperwhite, i realize what a good decision it was to trade up. The contrast is like reading a real book and it doesn't hurt your eyes to read it for a long time.","very positive"
"NoorsMummie","Amazon","Electronics","Kindle not so cool I bought this to use only one application. Oh, is it most difficult to get this thing to continuously work! And I still can't get the geek squad program to properly download onto the device. I'm pretty disappointed.","somewhat negative"
"Kooosh","Amazon","Electronics","Not recommended. At all. If you own a tablet or smartphone, you already have one. If you don't, one of your friends/family will give you one of their three spares. These adapters are ubiquitous.While they're not all exactly the same, they all do the same thing. Worth about 2.","very negative"
"Aphreya89","Amazon","Electronics","Good for the money Didn't do all that I wanted it to but it is sufficient for my 8 year old son.","neutral"
"Garden Girl","Amazon","Electronics","Defective. Worked wonderful and fast the first couple of weeks and then just stopped working. I understand that sometimes things are just a defective piece so I logged into Amazon and attempted to exchange it,, but found out the window for exchanging it had closed. I would have attempted to return it sooner but I was out of state for several weeks visiting and helping my daughter who had just given birth to triplets, and so I'd decided I would just wait till I returned home to do it. By the time I got around to it, it was too late. So I totally wasted my money. If Amazon corrects this matter and send me a replacement, I will update my review.","somewhat negative"
"Chula1","Amazon","Electronics","My son didn't like it It was too slow he didn't put any attention to it. Battery didn't last.","somewhat negative"
"vonborks","Amazon","Electronics","Overpriced by 4X This is clearly taking advantaged of Kindle customers who lack a technical understanding of what it is. Go to Amazon and search: AC USB Chargers, many listings starting at two for 7.99.","very negative"
"CHERYL J WATKINS","Amazon","Electronics","Only use this for Amazon Fire tablet This charger FRIED my Kindle Fire, Samsung Galaxy S6, and Samsung Galaxy J7. DO NOT plug your other devices up to it!!! It easily comes detached from the Fire tablet but does charge it. I'm just very unhappy that it killed my other devices. There are young children in my home and they know the difference between Apple and Android charging tips. So they will use any available charging cable they find when needed.","somewhat negative"
"shawahnoquay","Amazon","Electronics","good for listening to pandora. Every time I open my amazon Fire, games pop up. It is very annoying. I have no interest in games. I do not play them. I did not purchase the item for games. I purchased my Fire for reading books, but it is very difficult to get to books. I go through a number of minutes and still do not accomplish the task that I want to do. I would like to know how to take off the games so I can do what I want to do.","very negative"
"Junior","Amazon","Electronics","An excecllent source of information and companion. Alexa has been a very good companion and source of information to anything that she knows...very honest, answers all questions to her own capability.","very positive"
"Mike","Amazon","Electronics","Great tablet for a beginner Bought this for my 8 year old son. This was his second tablet. Just his speed.","somewhat positive"
"HDelbrucke","Amazon","Electronics","Too may preloaded useless apps This Kindle is so overloaded with apps that I will never use. Despite what one of Best Buys' associates said, you cannot remove any of the Amazon apps. The apps take up too much of the memory. I have an I Pad and love but bought this as a backup for work. Unfortunately, it bogs down. I also don't like that Amazon wants access to too much info to set up email, so I won't use this for emails either. I will likely sell it on Craig's List for less than half of what I paid for it.","very negative"
"cjpe","Amazon","Electronics","Buyer Beware! Do not buy this product All I can say, as soon as I opened this tablet it never ever turned on, I was so upset as I've followed the troubleshooting steps from other users online and still it never worked, I fully charged the tablet and tried again and still it never turned on. I had a very hard time at the best buy returning this item; had to spend an hour and explained the situation to them; they never believed me this item came to be defective; after storming out and after a while; they have decided to accept the return and gave me credit for it.I would never buy an Amazon product ever again. piece of junk, bad quality product.Thanks,","very negative"
"Marty","Amazon","Electronics","Did Not Meet Expectations I was somewhat disappointed to discover Alexa could not seem to answer what I thought were fairly simple questions (mileage distance between locations, etc.). Additionally, I was not comfortable upon discovering the product constantly recorded conversations.","neutral"
"Lisa","Amazon","Electronics","ok tablet for a small child The sleek design and colors available for small kids is good. The tablet is a nice price and useful.","neutral"
"RS97","Amazon","Electronics","Simple. Easy to use. Price was great too. Works great. Nice upgrade over the Fire stick as it has an Ethernet port. Heavily focused on Amazon content (duh) but if you have a Prime account, this is a must.","somewhat positive"
"Mike","Amazon","Electronics","Get what you pay for Although a cheap tablet with amazon functionality it's a very slow one.","somewhat negative"
"theafe","Amazon","Electronics","Not the best I got this so my son would have something to watch movies on while on a long car trip. It does that, barely. The $50 I spent for it was worth it. If you get an SD card for it you can load and watch movies. The Wi-Fi sucks and it sometimes doesn't stream movies from Netflix. Forget about YouTube.","somewhat negative"
"Momof5","Amazon","Electronics","Not the greatest for kids We purchased this tablet for our 5 y ear old since all the other kid-friendly tablets were limited it what they had on them. Something should be changed regarding the port for the charger. The little area with the small bar in it keeps bending to the point, 5 months later it broke off and of course the warranty has ended. I am over tablets. If you can buy it on black Friday for 25.00 bucks or less, it should be that price all year long. So now he has no tablet because I am not sending it out to have someone else's sent back to me..re-furbished. I am very disappointed.","very negative"
"Bobbie","Amazon","Electronics","My first kindle. Second e-reader Have a nook as my first e-reader. I like downloading library books better on the kindle but prefer the format of the nook.","neutral"
"BuckS","Amazon","Electronics","Okay!? just okay! Product was for my girlfriend. Doesn't appear she uses it much except to steam music. Most of the questions I ask it I get nothing. I like Siri better.","somewhat negative"
"nancym","Amazon","Electronics","What is up with the internet connection? I bought three and everyone loved it. It was a pain in the neck to set up with the wifi more than a handful of times. I had to look up in the net and resolve the issue. I learned, I needed to change the password for it. On occasion wifi needs to be rebooted. But, all in all, when is not having issues connecting, it is a wonderful product! You just have to be patient at times.","somewhat positive"
"chipmunktoo","Amazon","Electronics","Great gift This was a gift to an employee and they absolutely love it.","somewhat positive"
"mgore","Amazon","Electronics","Decent for it's price Works great, camera is not the best indoors, works well outdoors","somewhat positive"
"Eduardo","Amazon","Electronics","Just not worth it Was looking for a low-priced tablet to access my Kindle and magazine apps - specifically The Economist. What I didn't realize was that this was the ad-version of the Kindle, so removing ads on it would not be possible w/o fee - and worse, there's some limitation around some apps and everything located in the Google Play store, so apps like The Economist were not available. Sooooo... returned.","somewhat negative"
"SHADOW23STALKER","Amazon","Electronics","It's Ok Not too satisfied with the sound and it loses Bluetooth connection no matter what phone I use (either Iphone or Android).","somewhat negative"
"mark","Amazon","Electronics","worked fine for a month or so did not use it much I purchased one as a Christmas gift. from Best Buy on line...it worked fine the first month,did not use it for a few weeks. I went to turn it on..did not get nothing .The lefthand bottom corner says FASTBOOTH mode It is locked on this and I get nothing else.Did not buy any product protection so I guess it is a complete loss.","very negative"
"Curtis","Amazon","Electronics","excellent like a tablet. great, fast connection. everything I wanted in an electronic reader.","very positive"
"David","Amazon","Electronics","Good cheap tablet with less than stunning display Got the nieces, wife, and myself these for Christmas. Figures they were cheap enough, so why not.These are functional tablets in every way. We haven't found any problem with them. The display isn't a hi resolution, so I wasn't expecting great. I've had phones and tablet with the same resolution, but never one that looked quite as lack luster as this display. They are OK for the kids to beat around with because they broke the last tablet they had. This one probably wont last much longer, but it's cheap. I wish I would have spent a few more bucks and gotten better ones for my wife and I, though.If you want a disposable tablet or color reader for magazines and such, you'll probably be OK with this.If you want a good tablet, think about buying a good tablet.","neutral"
"Benji","Amazon","Electronics","Good tablet for kids Is very good tablet for the price is worth it I will buy one again","somewhat positive"
"Joejod","Amazon","Electronics","Mophie product For someone on the go this is ideal for eliminating the hastle of always keeping your phone on a charger. Lasts several days if you have charged it!! Family member goes to school in Canada and always traveling. Ideal for this individual, works phenomenal. Will only take the charger supplied but if an additional is required you may substitute with others out there (ps4) if in a pinch it works.","very positive"
"orland","Amazon","Electronics","not really 4k I purchased this firetv to upgrade my from first firetv version as I have a samsung 4k tv, this new firetv recognized my hdmi port as 4k compatible when I set the resolution to 4k on video settings, after trying all posible settings, this bug only gives 1080 even playing 4k content. firetv1=firetv2.","very negative"
"Dhughes","Amazon","Electronics","Broke Bought it on thanksgiving night just opened pkg and the screen is crushed. Haven't been able to take it back but was told when I called in that they might not have any in stock.","very negative"
"sdaugherty25","Amazon","Electronics","This Roku TV is different but still love it Great Roku TV; wish I had a separate remote for local channels","somewhat positive"
"AlBear","Amazon","Electronics","Expectations Not what I expected, I am not satisfied with the product","neutral"
"Theo","Amazon","Electronics","Best streaming device It has been a great streaming device. Its very reliable.","somewhat positive"
"David","Amazon","Electronics","Excellent tablet Why buy an I-pad when you can pay much less for a tablet that will do everything you need it to do, plus you get all the cost benefits of Amazon purchasing. One of the best buys on the market.","very positive"
"Ballsmcgee","Amazon","Electronics","Didn't connect to wifi I was setting up 2 of the same tablet and this one wouldn't connect to the wifi. When I brought it back for an exchange there were none in store and they didn't even have them on their website! Ended up getting a refund and purchasing the same model from Amazon","very negative"
"JF","Amazon","Electronics","Ridiculous So I was already not too pleased with Amazon's choice to only include an essentially useless charger when purchasing a kindle hd, and caved to ordering the fast charger so it would not take hours of non-use to recharge. For 20 you don't even get a full charger, just an adapter to put on to the cord they already gave you. Amazon please just charge the real price for the device instead of settling to slowly rip people off with essential accessories, this sort of thing cheapens your image and erodes loyalty.","very negative"
"Jus10nHouston","Amazon","Electronics","Horrible Battery Life This is not an upgrade by any means! My three year old kindle outperformed Oasis.Battery life better than a week with the lights on lowest setting Magnetic connector is poorly designed and grows weak Two pieces to keep up with; unsnaps constantly Amazon Customer Services promises it will resolved in an update","very negative"
"PatF","Amazon","Electronics","less than 120 days, about 100 use. It is toast! Bought this mostly as a backup.and to read a few books, since I have a larger cell phone and a back up. Used it occasionally may 40 or 50 hours of use till this week when I sent my laptop in for repairs. so I probably used it a tot this week. I was watching my 3rd Primetime video this week and it simply turned off. It will not turn on using any power trick such as safe mode. It is gone, It is toast. Bought it October 11, 2016 , It quit on February 9, 2015. My old Fire lasted 4 or 5 years with more use. it had stereo speakers, lasted a week on a charge not 2 or 3 days.Sturdier built. This is full of junk, I am not just offered more apps, it is constantly trying to add them. JUNK JUNK JUNK","very negative"
"Johnniek14","Amazon","Electronics","Disappointed Worked fine for a month, then refused to take a charge. Returned to best buy, and advised that amazon like to handle their own warranty issues. Stuck with a store credit card. I suppose it will get used, but not impressed with the product at all","very negative"
"iggy","Amazon","Electronics","Can't connect it We are unable to connect WIFI on this product. We have tried to follow the instructions to no avail. It is a useless and expensive item sitting on our table.","very negative"
"MoBestBuy","Amazon","Electronics","It's okay This tablet is okay for moderate use. Mine tends to lag while playing games or surfing the internet..","neutral"
"Jeff","Amazon","Electronics","Great product My fiance really enjoyes it! I would definitely recommend.","somewhat positive"
"Srdan","Amazon","Electronics","great reader I love it. Long battery life, easy to use, perfect","very positive"
"Ub2Degrees","Amazon","Electronics","I had to return my unit stop working after 1 day On the second day the unit disconnected from my wireless network and when attempted to reconnect the remote would not work and I could not click on the network settings button. I return that unit for another Amazon fire and the second unit could not find the remote to pair it. I think I will purchase a google or apple next .","very negative"
"Rocky","Amazon","Electronics","Love the new tablet! I replaced an older tablet with this new version, all of my e-books transferred to the new one and I love it.","very positive"
"Grizzle","Amazon","Electronics","Works Lightweight but not water resistant like the Nook.","somewhat positive"
"MommamayI","Amazon","Electronics","Disappointed Bought it in order to watch NBC but the NBC app isn't compatible, so now I have a paperweight.","somewhat negative"
"Pmaxie","Amazon","Electronics","Super slow It takes forever to download apps. I'm returning it will be getting something else.","very negative"
"Glendadt","Amazon","Electronics","Absolute Garbage Super Slow, Would not download, Returned after a week","very negative"
"1978","Amazon","Electronics","Fun to use Alexa keeps you updated on news and weather. Great to answer questions. Fun to use.","very positive"
"TripleX22","Amazon","Electronics","great tablet for the price For the price this is a great tablet kid friendly as easy to use","somewhat positive"
"Gokujohn","Amazon","Electronics","Great Tablet on a Budget I got this as a gift for a student and they loved it! very responsive and easy to add apps to, just buy expandable memory and it was good to go!","somewhat positive"
"shera624","Amazon","Electronics","Disappointed with Coverage We were so excited to get the tap since it was a larger speaker than the dot and unlike the echo has a battery charger with it to make it portable. We already have an echo which works perfectly in our home. When listening to online radio on the tap it cut in and out constantly. We returned it and exchanged gor the dot.","very negative"
"Aunttee","Amazon","Electronics","Love the speaker for playing music Great speakers and helpful turning lights off and on when I can't get up to do so. Also, I like that I can tell Alexa to play old time radio and Spotify.","very positive"
"juanbeny","Amazon","Electronics","Great e-ink reader Another classic from amazon. Would definitely recommend.","very positive"
"Quasimodo","Amazon","Electronics","No netflix support Sadly no having netflix support is resulting in my last tablet purchase from Amazon.","somewhat negative"
"NanaSha","Amazon","Electronics","Overall nice display; email setup not so friendly Bought as gift for senior. Setup process could be easier.","neutral"
"lucky20","Amazon","Electronics","Only buy if a Amazon person. This tablet has little cpu power and is really only made to work with the Amazon Prime crowd. Not what I was looking for.","very negative"
"SuperMoose","Amazon","Electronics","Good value... until the battery fails Bought this for Christmas 2015. After about 9-10 months the battery began to fail to hold a charge. While the first 9 months were good -- as many of the reviews here laud this tablet -- the 90 day warranty is disappointing from Amazon. (When I did have a different Amazon device fail within the warranty period, their exchange was immediate and easy for a brand new device -- so the only warranty issue is with the length.)I'd recommend it if you just want a cheap tablet to throw in your bag but otherwise it's just average.","neutral"
"Kcaj","Amazon","Electronics","Couldn't get it to cync with wifi Took product back and was told that in order to get assistance the Geek squad would have to help me at my home and be charged for the service. I decided we didn't need the product that badly so took it back for a refund.","neutral"
"scriptions","Amazon","Electronics","Not what we expected Not as easy as it sounded like it was going to be. So many things to buy to get full use out of what we knew we COULD do. Every question we seem to ask Alexa/she says she doesn't know the answer and that we'd have to download the app - so we never use her/only to ask her to set a timer and tell us the time and ask her to play music, which we also had to set up first. Not as neat as we thought she was going to be.","very negative"
"Sprout","Amazon","Electronics","Great table for children Got this for my 10 year old grandson. He really likes it a lot. This is good for kids to learn responsibility using tablets.","neutral"
"Donnie","Amazon","Electronics","Terrible Never knows answers to question or has the song I want. And always says not getting connection. It sucks","very negative"
"maria","Amazon","Electronics","Excellent for a very low price Fire is still a good tablet and a great tablet for the price.","somewhat positive"
"Wolfpack","Amazon","Electronics","Sucks Most apps you have to pay for basic apps like YouTube will not download without inputting credit card information what tablet for child not plausible to put in credit card information","very negative"
"Smurf215","Amazon","Electronics","Hate Amazon Hate Amazon! The app store doesn't have cool apps!","neutral"
"JuicyLu","Amazon","Electronics","Not too kid friendly Overall I wasn't too impressed with his tablet. Actually returned it for an iPad mini bc my kid like it better and it was easier to use.","neutral"
"Steve","Amazon","Electronics","Worth what I paid This really isn't a very good tablet by any measure other than bang for your buck. I bought this for about $35 just to kill time on a couple of long flights so I didn't wear out the battery on my phone. I definitely wouldn't recommend using this for reading as the screen resolution is really below average and be tough to look at. I only used it to read some comics and play games on a screen bigger than a phone so I got what I wanted out of it.","somewhat negative"
"John","Amazon","Electronics","Awesome tablet Bought this for reading but enjoy all the features from books to movies","very positive"
"dp1980","Amazon","Electronics","doesn't respond with answers to most questions For me, it is only great for playing english-language music. I may try to connect to light switches and socketsss through something like nest, but until then, answering questions about history and societyit fails.","very negative"
"Janet","Amazon","Electronics","Granddaughter loved it Purchased the Kindle fire fir my grandfaughter and she loved it. It was so easy for her to use. The size was perfect http://www.hippressurecooking.com/pressure-cooking-times/","somewhat negative"
"Slowdownson","Amazon","Electronics","good for price ok for price a little slow and doesn't have as many apps as google play.","neutral"
"Alicia","Amazon","Electronics","Good for the price It's a decent tablet for the price, especially if you have Amazon Prime. The ads are really annoying though and you have to pay to turn them off or pay extra for a tablet that comes without ads.","somewhat positive"
"Tazzy","Amazon","Electronics","All things television There are no words except greatest thing created! We use this thing every single day! We watch old and new movies and tv shows!","very positive"
"drich","Amazon","Electronics","Good for kids , good price for the quality Tablet is ok I just prefere Android products. I dont Like the fire just being tied to Amazon accounts and loaded with all their exclusive content. But its a cheap quality tablet","neutral"
"Will","Amazon","Electronics","Junk A lot of apps are incomplete. Doesn't run apps that great and has a lot of apps that are generic.","very negative"
"ark12131","Amazon","Electronics","Kept freezing Not sure why, but it kept freezing and ended up having to return it. Very disappointing","somewhat negative"
"smig142","Amazon","Electronics","Not worth the time or money I bought this and the kids version past Christmas. Its lack power and storage to be useful unless you want to just read books. Don't waste money on this product. The kids version is a good ideal but loading the apps, when they work takes forever. When they do work, the kids enjoy them. So I consider it to be a hit and miss. I'll be canceling the subscription as soon as my free year is up. Not wasting money on it.","very negative"
"Conni2you","Amazon","Electronics","Great little tablet This is a great little tablet. It is wonderful for reading, Going online and using apps. The only reason I gave it four stars was because there are a few apps that my family enjoy using that cannot be downloaded onto this tablet. Other then that you're definitely getting the most bang for your buck. The price just cannot be beat.","somewhat positive"
"MelG","Amazon","Electronics","Great tablet for kids I like this tablet for kids because it's easy for them to use and also allows for parental controls to help keep them safe. Great value too.","very positive"
"Mamland","Amazon","Electronics","I don't recommend it. This 7 2015 version should have been marketed to children only. It's like a very dumbed down, cheap version of the better FireHD and HDX. Screen is not as good, battery life is bad, no mirroring to TV and it's slooowww as can be. If you've never owned another kind of Kindle you will probably be accepting of this watered down version. For those that know what a real kindle should be like, you may want to pass on this one. Another version should be along soon and since they can't get much worse than this one you'll probably get a better one. I got mine on Black Friday for a little over $30. total with shopping discounts and I'm still sending it back! That's how disappointed I am with it.","very negative"
"Jessie124","Amazon","Electronics","Good little tablet Bought this for a Christmas gift for my mom I thinks she will like it","very positive"
"AmandaJ3","Amazon","Electronics","Overall good except storage! I use this tablet for my daughter and I could only download YouTube Kids. Wished I would have purchased the one with more storage.","neutral"
"Sean","Amazon","Electronics","Nice while I had it I bought this tablet and returned it the same day. The only reason why I bought it in the first place was so I could play certain games with it but it turned out that the games were not supported on this device.","somewhat negative"
"Albert","Amazon","Electronics","Not a good product hard to use, and does not support Guam. online instructions not clear","very negative"
"clp24","Amazon","Electronics","So, So Stopped working after only a year. Felt flimsy. Did like that I could upload Amazon books","somewhat negative"
"Tammy","Amazon","Electronics","Terrible crashed after downloading apps Luckily best buy exchanged the kindle fire for a Lenovo tablet with courtesy and ease. Thank you best buy! It was a black Friday purchase that I did nothing with until late January/ early February. Great way to do business and therefore keep it.","very negative"
"G. Bruce White","Amazon","Electronics","5W or 5V 1A Q: What's the difference between a 19.99 Amazon 5W USB Official OEM Charger and Power Supply and a 5.95 5V 1A (1000mA) USB port power supply - UL ListedA: 14.04 Calling it a 5W charger rather than a 5V 1A charger is a distinction without a difference.","somewhat negative"
"babyduck","Amazon","Electronics","Super Disappointed in the new model My son had the original kindle fire. It was great! Simple to use. It finally bit the dust. I bought a new one. They made it way to complicated. It is going back. The power button won't turn off. The notification box won't stay off the screen & the apps wont run. They just keep loading.","very negative"
"AvidReader","Amazon","Electronics","Affordable Tablet Affordable and convenient device for watching video, reading, kid's light gaming and browsing the Web.","somewhat positive"
"Poppa5ive","Amazon","Electronics","Not what we thought they were It is tough to use these tablets if you are use to Apple products. Internal memory is minimal and is taken up by all of the Amazon programs it is running. Everytime my kids play a game, the wireless connection shuts down due to running out of memory. I would not recommend these tablets for anything more that an e-book reader.","somewhat negative"
"Vaquatics","Amazon","Electronics","Great for the price Bought ut for my 7 year old and it works great. It is a great price and a good way to help your child learn about the technology.","very positive"
"BillyV","Amazon","Electronics","Good tablet for children. Quality of screen display is lacking and the reason I returned the tablet. For adult users I cannot recommend.","somewhat negative"
"chase","Amazon","Electronics","bad tablet You cannot download any other internet service you're subject to very limited options to do things on it wish I could not have bought it","very negative"
"Myself","Amazon","Electronics","Stuck on Amazon screen It's hard to give a review cause it's stuck on Amazon home screen. It might be a good product but I don't know","very negative"
"DOCSGM","Amazon","Electronics","On Fire This little treasure was found on Black Friday. Just what I needed as I had lost my old one. Great resolution on videos and easy on eyes for reading.","very positive"
"PanFour","Amazon","Electronics","Apple user trying fire Not very user friendly. A bit slow & heavy. Burned out pixel right out of box. Noticeable but not bothersome. Still like my iPad after trying fire.","somewhat negative"
"Cindy","Amazon","Electronics","Horrible tablet I purchased this tablet for my daughter and within 5 days after purchasing it, the screen went completely blank. It wasn't dropped and didn't get wet. It is also very limited to apps you can download on it. Many apps wouldn't work after being installed. I would NOT recommend buying this tablet.","very negative"
"mbpcn","Amazon","Electronics","Perfect for reading I like it. it's better to read books online even I owned iPhone, iPad,and itc.","very positive"
"Vishnu","Amazon","Electronics","Would like to give a 3.5 - got for 99$ with no ads I want to rate it 3.5 but best buy lets me rate it 3 or 4, nothing in between. Similarly I see no point in upgrading from an old paperwhite until you really want a 300 ppi display. Kindle Paperwhite is good but not much has changed over the years, if you plan to upgrade over the old one think if it is worth spending.A paperwhite with 3G goes up towards 180-200 USD, I would rather invest the money on a tab. If you are sticking with the base version as I brought (99 USD - no ads), then its a good deal.","neutral"
"Geronimo","Amazon","Electronics","Good Tablet Very satisfied with this purchase. Fast, big screen and good resolution. Bought it for my son around Xmas and I got a very good deal too! Wish I had bought 2 at that price. ($100)","somewhat positive"
